"user_id","status_id","created_at","screen_name","text","source","display_text_width","reply_to_status_id","reply_to_user_id","reply_to_screen_name","is_quote","is_retweet","favorite_count","retweet_count","quote_count","reply_count","hashtags","symbols","urls_url","urls_t.co","urls_expanded_url","media_url","media_t.co","media_expanded_url","media_type","ext_media_url","ext_media_t.co","ext_media_expanded_url","ext_media_type","mentions_user_id","mentions_screen_name","lang","quoted_status_id","quoted_text","quoted_created_at","quoted_source","quoted_favorite_count","quoted_retweet_count","quoted_user_id","quoted_screen_name","quoted_name","quoted_followers_count","quoted_friends_count","quoted_statuses_count","quoted_location","quoted_description","quoted_verified","retweet_status_id","retweet_text","retweet_created_at","retweet_source","retweet_favorite_count","retweet_retweet_count","retweet_user_id","retweet_screen_name","retweet_name","retweet_followers_count","retweet_friends_count","retweet_statuses_count","retweet_location","retweet_description","retweet_verified","place_url","place_name","place_full_name","place_type","country","country_code","geo_coords","coords_coords","bbox_coords","status_url","name","location","description","url","protected","followers_count","friends_count","listed_count","statuses_count","favourites_count","account_created_at","verified","profile_url","profile_expanded_url","account_lang","profile_banner_url","profile_background_url","profile_image_url"
"x99443554","x1441019853855358977",2021-09-23 12:41:20,"rahilahmar","@srinivasiyc I can't watch it. India is not India anymore.","Twitter for Android",45,"x1441006443256115205","x576533046","srinivasiyc",FALSE,FALSE,0,0,,,,,,,,,,,,,,,,"x576533046","srinivasiyc","en",,,,,,,,,,,,,,,,,,,,,,,,,,,,,,,,,,,,,"NA NA","NA NA","NA NA NA NA NA NA NA NA","https://twitter.com/rahilahmar/status/1441019853855358977","rahil ahmar","I'm Mobile most of the time.","Sensible & Responsible","https://t.co/Yko3hvgUPt",FALSE,11,101,2,105,97,2009-12-26 06:25:41,FALSE,"https://t.co/Yko3hvgUPt","https://sennvoll.com/",,,"http://abs.twimg.com/images/themes/theme5/bg.gif","http://pbs.twimg.com/profile_images/1241464215556112385/suq1jigo_normal.jpg"
"x99443554","x1427312060413579265",2021-08-16 16:51:28,"rahilahmar","@TheEconomist Chaos is a result of diplomatic and cold War between US and Russia in the 90s. People will revolt in isolated patch against suppression and then once again US will come into picture. Syria Iraq Afghanistan is just a ""No End in Sight""","Twitter for Android",233,"x1427310469862334464","x5988062","TheEconomist",FALSE,FALSE,0,0,,,,,,,,,,,,,,,,"x5988062","TheEconomist","en",,,,,,,,,,,,,,,,,,,,,,,,,,,,,,,,,,,,,"NA NA","NA NA","NA NA NA NA NA NA NA NA","https://twitter.com/rahilahmar/status/1427312060413579265","rahil ahmar","I'm Mobile most of the time.","Sensible & Responsible","https://t.co/Yko3hvgUPt",FALSE,11,101,2,105,97,2009-12-26 06:25:41,FALSE,"https://t.co/Yko3hvgUPt","https://sennvoll.com/",,,"http://abs.twimg.com/images/themes/theme5/bg.gif","http://pbs.twimg.com/profile_images/1241464215556112385/suq1jigo_normal.jpg"
"x99443554","x1427310838407262211",2021-08-16 16:46:36,"rahilahmar","@Raspberry_Pi I will dive into Raspberry in the next week. Too good to ignore and be lazy.","Twitter for Android",76,"x1427264058064048131","x302666251","Raspberry_Pi",FALSE,FALSE,0,0,,,,,,,,,,,,,,,,"x302666251","Raspberry_Pi","en",,,,,,,,,,,,,,,,,,,,,,,,,,,,,,,,,,,,,"NA NA","NA NA","NA NA NA NA NA NA NA NA","https://twitter.com/rahilahmar/status/1427310838407262211","rahil ahmar","I'm Mobile most of the time.","Sensible & Responsible","https://t.co/Yko3hvgUPt",FALSE,11,101,2,105,97,2009-12-26 06:25:41,FALSE,"https://t.co/Yko3hvgUPt","https://sennvoll.com/",,,"http://abs.twimg.com/images/themes/theme5/bg.gif","http://pbs.twimg.com/profile_images/1241464215556112385/suq1jigo_normal.jpg"
"x99443554","x1419494949414838279",2021-07-26 03:09:03,"rahilahmar","I'm loving it..... Adore You by @Harry_Styles 
Love it. https://t.co/t9ldTpUUnk","Twitter for Android",55,,,,FALSE,FALSE,0,0,,,,,,,,"http://pbs.twimg.com/media/E7MPIHbVUAQIMLE.jpg","https://t.co/t9ldTpUUnk","https://twitter.com/rahilahmar/status/1419494949414838279/photo/1","photo","http://pbs.twimg.com/media/E7MPIHbVUAQIMLE.jpg","https://t.co/t9ldTpUUnk","https://twitter.com/rahilahmar/status/1419494949414838279/photo/1",,"x181561712","Harry_Styles","en",,,,,,,,,,,,,,,,,,,,,,,,,,,,,,,,,,,,,"NA NA","NA NA","NA NA NA NA NA NA NA NA","https://twitter.com/rahilahmar/status/1419494949414838279","rahil ahmar","I'm Mobile most of the time.","Sensible & Responsible","https://t.co/Yko3hvgUPt",FALSE,11,101,2,105,97,2009-12-26 06:25:41,FALSE,"https://t.co/Yko3hvgUPt","https://sennvoll.com/",,,"http://abs.twimg.com/images/themes/theme5/bg.gif","http://pbs.twimg.com/profile_images/1241464215556112385/suq1jigo_normal.jpg"
"x99443554","x1391066436110585857",2021-05-08 16:24:17,"rahilahmar","Looks well thought. https://t.co/7rGycUZeIU","Twitter for Android",19,,,,TRUE,FALSE,0,0,,,,,"twitter.com/BCG/status/139…","https://t.co/7rGycUZeIU","https://twitter.com/BCG/status/1390694867056070657",,,,,,,,,,,"en","x1390694867056070657","What were the best and worst sectors to work in during the pandemic?",2021-05-07 15:47:48,"Twitter for Advertisers.",1318,302,"x501801749","BCG","Boston Consulting Group",444267,910,14697,"Global","Official global account of Boston Consulting Group. Highlights of our work, initiatives, people, partnerships, and more. Also @BCGhenderson",TRUE,,,,,,,,,,,,,,,,,,,,,,"NA NA","NA NA","NA NA NA NA NA NA NA NA","https://twitter.com/rahilahmar/status/1391066436110585857","rahil ahmar","I'm Mobile most of the time.","Sensible & Responsible","https://t.co/Yko3hvgUPt",FALSE,11,101,2,105,97,2009-12-26 06:25:41,FALSE,"https://t.co/Yko3hvgUPt","https://sennvoll.com/",,,"http://abs.twimg.com/images/themes/theme5/bg.gif","http://pbs.twimg.com/profile_images/1241464215556112385/suq1jigo_normal.jpg"
"x99443554","x1391061825018605568",2021-05-08 16:05:58,"rahilahmar","@ZebaFatimareal @sushant_says We can't even watch these pictures.","Twitter for Android",35,"x1390964494378016768","x877733661214461952","ZebaFatimareal",FALSE,FALSE,0,0,,,,,,,,,,,,,,,,"x877733661214461952 x185609127","ZebaFatimareal sushant_says","en",,,,,,,,,,,,,,,,,,,,,,,,,,,,,,,,,,,,,"NA NA","NA NA","NA NA NA NA NA NA NA NA","https://twitter.com/rahilahmar/status/1391061825018605568","rahil ahmar","I'm Mobile most of the time.","Sensible & Responsible","https://t.co/Yko3hvgUPt",FALSE,11,101,2,105,97,2009-12-26 06:25:41,FALSE,"https://t.co/Yko3hvgUPt","https://sennvoll.com/",,,"http://abs.twimg.com/images/themes/theme5/bg.gif","http://pbs.twimg.com/profile_images/1241464215556112385/suq1jigo_normal.jpg"
"x99443554","x1391057602683887618",2021-05-08 15:49:11,"rahilahmar","@IndianExpress It's a serious loss, I had watched one of his performance.","Twitter for Android",58,"x1390793803724771330","x38647512","IndianExpress",FALSE,FALSE,0,0,,,,,,,,,,,,,,,,"x38647512","IndianExpress","en",,,,,,,,,,,,,,,,,,,,,,,,,,,,,,,,,,,,,"NA NA","NA NA","NA NA NA NA NA NA NA NA","https://twitter.com/rahilahmar/status/1391057602683887618","rahil ahmar","I'm Mobile most of the time.","Sensible & Responsible","https://t.co/Yko3hvgUPt",FALSE,11,101,2,105,97,2009-12-26 06:25:41,FALSE,"https://t.co/Yko3hvgUPt","https://sennvoll.com/",,,"http://abs.twimg.com/images/themes/theme5/bg.gif","http://pbs.twimg.com/profile_images/1241464215556112385/suq1jigo_normal.jpg"
"x99443554","x1390674613231783941",2021-05-07 14:27:19,"rahilahmar","@TabeenahAnjum @sushant_says Fanta wanted to have bollywood in UP.","Twitter for Android",37,"x1390669080395272198","x515310146","TabeenahAnjum",FALSE,FALSE,0,0,,,,,,,,,,,,,,,,"x515310146 x185609127","TabeenahAnjum sushant_says","en",,,,,,,,,,,,,,,,,,,,,,,,,,,,,,,,,,,,,"NA NA","NA NA","NA NA NA NA NA NA NA NA","https://twitter.com/rahilahmar/status/1390674613231783941","rahil ahmar","I'm Mobile most of the time.","Sensible & Responsible","https://t.co/Yko3hvgUPt",FALSE,11,101,2,105,97,2009-12-26 06:25:41,FALSE,"https://t.co/Yko3hvgUPt","https://sennvoll.com/",,,"http://abs.twimg.com/images/themes/theme5/bg.gif","http://pbs.twimg.com/profile_images/1241464215556112385/suq1jigo_normal.jpg"
"x99443554","x1388891562470371328",2021-05-02 16:22:07,"rahilahmar","@vinodkapri @srinivasiyc @SanjayAzadSln We can only win this battle with due conscience and great humanity. People in need are just human in need. Let's keep the Hope Alive.","Twitter for Android",133,"x1388797537180557315","x160588215","vinodkapri",FALSE,FALSE,0,0,,,,,,,,,,,,,,,,"x160588215 x576533046 x328941811","vinodkapri srinivasiyc SanjayAzadSln","en",,,,,,,,,,,,,,,,,,,,,,,,,,,,,,,,,,,,,"NA NA","NA NA","NA NA NA NA NA NA NA NA","https://twitter.com/rahilahmar/status/1388891562470371328","rahil ahmar","I'm Mobile most of the time.","Sensible & Responsible","https://t.co/Yko3hvgUPt",FALSE,11,101,2,105,97,2009-12-26 06:25:41,FALSE,"https://t.co/Yko3hvgUPt","https://sennvoll.com/",,,"http://abs.twimg.com/images/themes/theme5/bg.gif","http://pbs.twimg.com/profile_images/1241464215556112385/suq1jigo_normal.jpg"
"x99443554","x1388884877764825090",2021-05-02 15:55:33,"rahilahmar","@srinivasiyc @nilamadhabpanda At least some is there. Thanks for helping out people. @srinivasiyc","Twitter for Android",67,"x1388883286273892357","x576533046","srinivasiyc",FALSE,FALSE,4,0,,,,,,,,,,,,,,,,"x576533046 x244874224 x576533046","srinivasiyc nilamadhabpanda srinivasiyc","en",,,,,,,,,,,,,,,,,,,,,,,,,,,,,,,,,,,,,"NA NA","NA NA","NA NA NA NA NA NA NA NA","https://twitter.com/rahilahmar/status/1388884877764825090","rahil ahmar","I'm Mobile most of the time.","Sensible & Responsible","https://t.co/Yko3hvgUPt",FALSE,11,101,2,105,97,2009-12-26 06:25:41,FALSE,"https://t.co/Yko3hvgUPt","https://sennvoll.com/",,,"http://abs.twimg.com/images/themes/theme5/bg.gif","http://pbs.twimg.com/profile_images/1241464215556112385/suq1jigo_normal.jpg"
"x99443554","x1388613767022354433",2021-05-01 21:58:15,"rahilahmar","@ExpressGujarat @IndianExpress Competent employees hardly look for an excuse and don't complain and don't take anything personal and don't get angry on his/her gossip. They just deal everything with great acumen and brilliance just like Dr. Manmohan Singh","Twitter for Android",224,"x1388573824652697603","x938799251529785344","ExpressGujarat",FALSE,FALSE,3,0,,,,,,,,,,,,,,,,"x938799251529785344 x38647512","ExpressGujarat IndianExpress","en",,,,,,,,,,,,,,,,,,,,,,,,,,,,,,,,,,,,,"NA NA","NA NA","NA NA NA NA NA NA NA NA","https://twitter.com/rahilahmar/status/1388613767022354433","rahil ahmar","I'm Mobile most of the time.","Sensible & Responsible","https://t.co/Yko3hvgUPt",FALSE,11,101,2,105,97,2009-12-26 06:25:41,FALSE,"https://t.co/Yko3hvgUPt","https://sennvoll.com/",,,"http://abs.twimg.com/images/themes/theme5/bg.gif","http://pbs.twimg.com/profile_images/1241464215556112385/suq1jigo_normal.jpg"
"x99443554","x1388532531021041664",2021-05-01 16:35:27,"rahilahmar","@thewire_in Bhakth yahan time pass kar rahen hain","Twitter for Android",37,"x1388508545214205959","x3150940290","thewire_in",FALSE,FALSE,0,0,,,,,,,,,,,,,,,,"x3150940290","thewire_in","hi",,,,,,,,,,,,,,,,,,,,,,,,,,,,,,,,,,,,,"NA NA","NA NA","NA NA NA NA NA NA NA NA","https://twitter.com/rahilahmar/status/1388532531021041664","rahil ahmar","I'm Mobile most of the time.","Sensible & Responsible","https://t.co/Yko3hvgUPt",FALSE,11,101,2,105,97,2009-12-26 06:25:41,FALSE,"https://t.co/Yko3hvgUPt","https://sennvoll.com/",,,"http://abs.twimg.com/images/themes/theme5/bg.gif","http://pbs.twimg.com/profile_images/1241464215556112385/suq1jigo_normal.jpg"
"x99443554","x1388531801115660289",2021-05-01 16:32:33,"rahilahmar","@StandwithShruti @Iamkavitak @Ashok_Kashmir @sushant_says We need Manmohan Singh.... This Singh was unsung King indeed.","Twitter for Android",61,"x1388498277977399299","x1250731384299089922","StandwithShruti",FALSE,FALSE,1,0,,,,,,,,,,,,,,,,"x1250731384299089922 x576078420 x43710079 x185609127","StandwithShruti Iamkavitak Ashok_Kashmir sushant_says","en",,,,,,,,,,,,,,,,,,,,,,,,,,,,,,,,,,,,,"NA NA","NA NA","NA NA NA NA NA NA NA NA","https://twitter.com/rahilahmar/status/1388531801115660289","rahil ahmar","I'm Mobile most of the time.","Sensible & Responsible","https://t.co/Yko3hvgUPt",FALSE,11,101,2,105,97,2009-12-26 06:25:41,FALSE,"https://t.co/Yko3hvgUPt","https://sennvoll.com/",,,"http://abs.twimg.com/images/themes/theme5/bg.gif","http://pbs.twimg.com/profile_images/1241464215556112385/suq1jigo_normal.jpg"
"x99443554","x1388531080437788673",2021-05-01 16:29:41,"rahilahmar","@Pun_Starr Era of Manmohan Singh, Pranab Mukherjee and P Chidambaram was indeed a golden one. People had jobs, money and easy Bank Loans and indeed a Hope.","Twitter for Android",144,"x1388517768589234177","x101546430","Pun_Starr",FALSE,FALSE,4,0,,,,,,,,,,,,,,,,"x101546430","Pun_Starr","en",,,,,,,,,,,,,,,,,,,,,,,,,,,,,,,,,,,,,"NA NA","NA NA","NA NA NA NA NA NA NA NA","https://twitter.com/rahilahmar/status/1388531080437788673","rahil ahmar","I'm Mobile most of the time.","Sensible & Responsible","https://t.co/Yko3hvgUPt",FALSE,11,101,2,105,97,2009-12-26 06:25:41,FALSE,"https://t.co/Yko3hvgUPt","https://sennvoll.com/",,,"http://abs.twimg.com/images/themes/theme5/bg.gif","http://pbs.twimg.com/profile_images/1241464215556112385/suq1jigo_normal.jpg"
"x99443554","x1388489764819509252",2021-05-01 13:45:31,"rahilahmar","@vinodkapri They are shameless and megalomaniacs. Now as soon as vaccine will come everyone will start their advertisement and charity drama will begin. They will convince us that they are true saviour. Bloody As*holes.","Twitter for Android",207,"x1388438570688339968","x160588215","vinodkapri",FALSE,FALSE,0,0,,,,,,,,,,,,,,,,"x160588215","vinodkapri","en",,,,,,,,,,,,,,,,,,,,,,,,,,,,,,,,,,,,,"NA NA","NA NA","NA NA NA NA NA NA NA NA","https://twitter.com/rahilahmar/status/1388489764819509252","rahil ahmar","I'm Mobile most of the time.","Sensible & Responsible","https://t.co/Yko3hvgUPt",FALSE,11,101,2,105,97,2009-12-26 06:25:41,FALSE,"https://t.co/Yko3hvgUPt","https://sennvoll.com/",,,"http://abs.twimg.com/images/themes/theme5/bg.gif","http://pbs.twimg.com/profile_images/1241464215556112385/suq1jigo_normal.jpg"
"x99443554","x1388124955854872578",2021-04-30 13:35:54,"rahilahmar","@free_thinker Long back a man named Mahavir from Rajasthan had already revealed several things about how fake ids are created and opinion is galvanized. No point discussing these. The blatant truth is that people are dying without preliminary treatment. We have enough temple and mosque.","Twitter for Android",273,"x1388053984322019329","x7431372","free_thinker",FALSE,FALSE,0,0,,,,,,,,,,,,,,,,"x7431372","free_thinker","en",,,,,,,,,,,,,,,,,,,,,,,,,,,,,,,,,,,,,"NA NA","NA NA","NA NA NA NA NA NA NA NA","https://twitter.com/rahilahmar/status/1388124955854872578","rahil ahmar","I'm Mobile most of the time.","Sensible & Responsible","https://t.co/Yko3hvgUPt",FALSE,11,101,2,105,97,2009-12-26 06:25:41,FALSE,"https://t.co/Yko3hvgUPt","https://sennvoll.com/",,,"http://abs.twimg.com/images/themes/theme5/bg.gif","http://pbs.twimg.com/profile_images/1241464215556112385/suq1jigo_normal.jpg"
"x99443554","x1387884237571776514",2021-04-29 21:39:22,"rahilahmar","@IndianExpress Who is this new sample. Colorful samples available.","Twitter for Android",51,"x1387870363439140864","x38647512","IndianExpress",FALSE,FALSE,0,0,,,,,,,,,,,,,,,,"x38647512","IndianExpress","en",,,,,,,,,,,,,,,,,,,,,,,,,,,,,,,,,,,,,"NA NA","NA NA","NA NA NA NA NA NA NA NA","https://twitter.com/rahilahmar/status/1387884237571776514","rahil ahmar","I'm Mobile most of the time.","Sensible & Responsible","https://t.co/Yko3hvgUPt",FALSE,11,101,2,105,97,2009-12-26 06:25:41,FALSE,"https://t.co/Yko3hvgUPt","https://sennvoll.com/",,,"http://abs.twimg.com/images/themes/theme5/bg.gif","http://pbs.twimg.com/profile_images/1241464215556112385/suq1jigo_normal.jpg"
"x99443554","x1387883922432794630",2021-04-29 21:38:07,"rahilahmar","@vinodkapri @myogiadityanath Pray for you.","Twitter for Android",13,"x1387830596345335809","x160588215","vinodkapri",FALSE,FALSE,0,0,,,,,,,,,,,,,,,,"x160588215 x3437532637","vinodkapri myogiadityanath","en",,,,,,,,,,,,,,,,,,,,,,,,,,,,,,,,,,,,,"NA NA","NA NA","NA NA NA NA NA NA NA NA","https://twitter.com/rahilahmar/status/1387883922432794630","rahil ahmar","I'm Mobile most of the time.","Sensible & Responsible","https://t.co/Yko3hvgUPt",FALSE,11,101,2,105,97,2009-12-26 06:25:41,FALSE,"https://t.co/Yko3hvgUPt","https://sennvoll.com/",,,"http://abs.twimg.com/images/themes/theme5/bg.gif","http://pbs.twimg.com/profile_images/1241464215556112385/suq1jigo_normal.jpg"
"x99443554","x1387791807593910274",2021-04-29 15:32:05,"rahilahmar","@free_thinker It's difficult to watch these things. Everywhere the story is same.","Twitter for Android",67,"x1387711026842333188","x7431372","free_thinker",FALSE,FALSE,0,0,,,,,,,,,,,,,,,,"x7431372","free_thinker","en",,,,,,,,,,,,,,,,,,,,,,,,,,,,,,,,,,,,,"NA NA","NA NA","NA NA NA NA NA NA NA NA","https://twitter.com/rahilahmar/status/1387791807593910274","rahil ahmar","I'm Mobile most of the time.","Sensible & Responsible","https://t.co/Yko3hvgUPt",FALSE,11,101,2,105,97,2009-12-26 06:25:41,FALSE,"https://t.co/Yko3hvgUPt","https://sennvoll.com/",,,"http://abs.twimg.com/images/themes/theme5/bg.gif","http://pbs.twimg.com/profile_images/1241464215556112385/suq1jigo_normal.jpg"
"x99443554","x1387418810597007366",2021-04-28 14:49:56,"rahilahmar","@rofl_sushant @SonuSood Ya but CBI ED etc etc ka line laga hota.","Twitter for Android",40,"x1387277679766872067","x1121984028079300608","rofl_sushant",FALSE,FALSE,0,0,,,,,,,,,,,,,,,,"x1121984028079300608 x295026890","rofl_sushant SonuSood","tl",,,,,,,,,,,,,,,,,,,,,,,,,,,,,,,,,,,,,"NA NA","NA NA","NA NA NA NA NA NA NA NA","https://twitter.com/rahilahmar/status/1387418810597007366","rahil ahmar","I'm Mobile most of the time.","Sensible & Responsible","https://t.co/Yko3hvgUPt",FALSE,11,101,2,105,97,2009-12-26 06:25:41,FALSE,"https://t.co/Yko3hvgUPt","https://sennvoll.com/",,,"http://abs.twimg.com/images/themes/theme5/bg.gif","http://pbs.twimg.com/profile_images/1241464215556112385/suq1jigo_normal.jpg"
"x99443554","x1387117757662068740",2021-04-27 18:53:39,"rahilahmar","@somyalakhani @sushant_says Salute to you. We need people like you. This India is made by people like you.","Twitter for Android",78,"x1387010912461103110","x139779018","somyalakhani",FALSE,FALSE,0,0,,,,,,,,,,,,,,,,"x139779018 x185609127","somyalakhani sushant_says","en",,,,,,,,,,,,,,,,,,,,,,,,,,,,,,,,,,,,,"NA NA","NA NA","NA NA NA NA NA NA NA NA","https://twitter.com/rahilahmar/status/1387117757662068740","rahil ahmar","I'm Mobile most of the time.","Sensible & Responsible","https://t.co/Yko3hvgUPt",FALSE,11,101,2,105,97,2009-12-26 06:25:41,FALSE,"https://t.co/Yko3hvgUPt","https://sennvoll.com/",,,"http://abs.twimg.com/images/themes/theme5/bg.gif","http://pbs.twimg.com/profile_images/1241464215556112385/suq1jigo_normal.jpg"
"x99443554","x1387116183854354432",2021-04-27 18:47:24,"rahilahmar","@rakhitripathi @sushant_says What's app propaganda won't help you in getting oxygen on time. Bhakts are exposed, no matter how beautifully and cunningly the tweet or post. They are upset that Papa is being abused not because people are dying.","Twitter for Android",213,"x1387021907115999239","x133182431","rakhitripathi",FALSE,FALSE,0,0,,,,,,,,,,,,,,,,"x133182431 x185609127","rakhitripathi sushant_says","en",,,,,,,,,,,,,,,,,,,,,,,,,,,,,,,,,,,,,"NA NA","NA NA","NA NA NA NA NA NA NA NA","https://twitter.com/rahilahmar/status/1387116183854354432","rahil ahmar","I'm Mobile most of the time.","Sensible & Responsible","https://t.co/Yko3hvgUPt",FALSE,11,101,2,105,97,2009-12-26 06:25:41,FALSE,"https://t.co/Yko3hvgUPt","https://sennvoll.com/",,,"http://abs.twimg.com/images/themes/theme5/bg.gif","http://pbs.twimg.com/profile_images/1241464215556112385/suq1jigo_normal.jpg"
"x99443554","x1387113656307961856",2021-04-27 18:37:21,"rahilahmar","@rajeevdhyani @sushant_says It's my mother's teaching, those who smile on dead bodies of different religion they in fact equally smile on any dead body. It's not the religion but the Money and Greed which makes them do so.","Twitter for Android",194,"x1386954333195886593","x60279151","rajeevdhyani",FALSE,FALSE,2,1,,,,,,,,,,,,,,,,"x60279151 x185609127","rajeevdhyani sushant_says","en",,,,,,,,,,,,,,,,,,,,,,,,,,,,,,,,,,,,,"NA NA","NA NA","NA NA NA NA NA NA NA NA","https://twitter.com/rahilahmar/status/1387113656307961856","rahil ahmar","I'm Mobile most of the time.","Sensible & Responsible","https://t.co/Yko3hvgUPt",FALSE,11,101,2,105,97,2009-12-26 06:25:41,FALSE,"https://t.co/Yko3hvgUPt","https://sennvoll.com/",,,"http://abs.twimg.com/images/themes/theme5/bg.gif","http://pbs.twimg.com/profile_images/1241464215556112385/suq1jigo_normal.jpg"
"x99443554","x1386934192655671297",2021-04-27 06:44:14,"rahilahmar","@ttindia Disturbing","Twitter for Android",10,"x1386900663540625408","x141080858","ttindia",FALSE,FALSE,0,0,,,,,,,,,,,,,,,,"x141080858","ttindia","en",,,,,,,,,,,,,,,,,,,,,,,,,,,,,,,,,,,,,"NA NA","NA NA","NA NA NA NA NA NA NA NA","https://twitter.com/rahilahmar/status/1386934192655671297","rahil ahmar","I'm Mobile most of the time.","Sensible & Responsible","https://t.co/Yko3hvgUPt",FALSE,11,101,2,105,97,2009-12-26 06:25:41,FALSE,"https://t.co/Yko3hvgUPt","https://sennvoll.com/",,,"http://abs.twimg.com/images/themes/theme5/bg.gif","http://pbs.twimg.com/profile_images/1241464215556112385/suq1jigo_normal.jpg"
"x99443554","x1386918676826189826",2021-04-27 05:42:34,"rahilahmar","@ttindia He hardly cares about death, remember the BRD hospital episode.","Twitter for Android",63,"x1386904438422573062","x141080858","ttindia",FALSE,FALSE,0,0,,,,,,,,,,,,,,,,"x141080858","ttindia","en",,,,,,,,,,,,,,,,,,,,,,,,,,,,,,,,,,,,,"NA NA","NA NA","NA NA NA NA NA NA NA NA","https://twitter.com/rahilahmar/status/1386918676826189826","rahil ahmar","I'm Mobile most of the time.","Sensible & Responsible","https://t.co/Yko3hvgUPt",FALSE,11,101,2,105,97,2009-12-26 06:25:41,FALSE,"https://t.co/Yko3hvgUPt","https://sennvoll.com/",,,"http://abs.twimg.com/images/themes/theme5/bg.gif","http://pbs.twimg.com/profile_images/1241464215556112385/suq1jigo_normal.jpg"
"x99443554","x1386380417381519364",2021-04-25 18:03:43,"rahilahmar","@Nik_Inamdar @sushant_says Everything is now payable by the common people. https://t.co/o4QyzPQ2eZ","Twitter for Android",47,"x1386337553645588484","x1723230211","Nik_Inamdar",FALSE,FALSE,0,0,,,,,,,,"http://pbs.twimg.com/media/Ez1ppEtVEAMUUh9.jpg","https://t.co/o4QyzPQ2eZ","https://twitter.com/rahilahmar/status/1386380417381519364/photo/1","photo","http://pbs.twimg.com/media/Ez1ppEtVEAMUUh9.jpg","https://t.co/o4QyzPQ2eZ","https://twitter.com/rahilahmar/status/1386380417381519364/photo/1",,"x1723230211 x185609127","Nik_Inamdar sushant_says","en",,,,,,,,,,,,,,,,,,,,,,,,,,,,,,,,,,,,,"NA NA","NA NA","NA NA NA NA NA NA NA NA","https://twitter.com/rahilahmar/status/1386380417381519364","rahil ahmar","I'm Mobile most of the time.","Sensible & Responsible","https://t.co/Yko3hvgUPt",FALSE,11,101,2,105,97,2009-12-26 06:25:41,FALSE,"https://t.co/Yko3hvgUPt","https://sennvoll.com/",,,"http://abs.twimg.com/images/themes/theme5/bg.gif","http://pbs.twimg.com/profile_images/1241464215556112385/suq1jigo_normal.jpg"
"x99443554","x1386216329905016837",2021-04-25 07:11:42,"rahilahmar","@zoo_bear @Dr_sonalii @DrSomna @iSaloniChopra This party is based on all kinds of propaganda, economic propaganda, religious propaganda, social propaganda.","Twitter for Android",109,"x1385932374408499202","x935142655213703168","zoo_bear",FALSE,FALSE,0,0,,,,,,,,,,,,,,,,"x935142655213703168 x1372209229541507072 x1249758196144771074","zoo_bear Dr_sonalii DrSomna","en",,,,,,,,,,,,,,,,,,,,,,,,,,,,,,,,,,,,,"NA NA","NA NA","NA NA NA NA NA NA NA NA","https://twitter.com/rahilahmar/status/1386216329905016837","rahil ahmar","I'm Mobile most of the time.","Sensible & Responsible","https://t.co/Yko3hvgUPt",FALSE,11,101,2,105,97,2009-12-26 06:25:41,FALSE,"https://t.co/Yko3hvgUPt","https://sennvoll.com/",,,"http://abs.twimg.com/images/themes/theme5/bg.gif","http://pbs.twimg.com/profile_images/1241464215556112385/suq1jigo_normal.jpg"
"x99443554","x1385995380547104768",2021-04-24 16:33:43,"rahilahmar","@RakeshSihag_ @sushant_says Patience jawaab de raha hai. Gussa doctors par nikal raha hai.","Twitter for Android",62,"x1385975977109430275","x1280367998","RakeshSihag_",FALSE,FALSE,1,0,,,,,,,,,,,,,,,,"x1280367998 x185609127","RakeshSihag_ sushant_says","et",,,,,,,,,,,,,,,,,,,,,,,,,,,,,,,,,,,,,"NA NA","NA NA","NA NA NA NA NA NA NA NA","https://twitter.com/rahilahmar/status/1385995380547104768","rahil ahmar","I'm Mobile most of the time.","Sensible & Responsible","https://t.co/Yko3hvgUPt",FALSE,11,101,2,105,97,2009-12-26 06:25:41,FALSE,"https://t.co/Yko3hvgUPt","https://sennvoll.com/",,,"http://abs.twimg.com/images/themes/theme5/bg.gif","http://pbs.twimg.com/profile_images/1241464215556112385/suq1jigo_normal.jpg"
"x99443554","x1385842166488915969",2021-04-24 06:24:54,"rahilahmar","@thewire_in It's Harley Davidson which belonged to someone.","Twitter for Android",47,"x1385818011341402112","x3150940290","thewire_in",FALSE,FALSE,0,0,,,,,,,,,,,,,,,,"x3150940290","thewire_in","en",,,,,,,,,,,,,,,,,,,,,,,,,,,,,,,,,,,,,"NA NA","NA NA","NA NA NA NA NA NA NA NA","https://twitter.com/rahilahmar/status/1385842166488915969","rahil ahmar","I'm Mobile most of the time.","Sensible & Responsible","https://t.co/Yko3hvgUPt",FALSE,11,101,2,105,97,2009-12-26 06:25:41,FALSE,"https://t.co/Yko3hvgUPt","https://sennvoll.com/",,,"http://abs.twimg.com/images/themes/theme5/bg.gif","http://pbs.twimg.com/profile_images/1241464215556112385/suq1jigo_normal.jpg"
"x99443554","x1385717324993335296",2021-04-23 22:08:50,"rahilahmar","@IndianExpress Ab bas bhi karo ye drama... Bhanda photo chuka hai tumhara aur Santa clause ka","Twitter for Android",78,"x1385689157217910784","x38647512","IndianExpress",FALSE,FALSE,0,0,,,,,,,,,,,,,,,,"x38647512","IndianExpress","hi",,,,,,,,,,,,,,,,,,,,,,,,,,,,,,,,,,,,,"NA NA","NA NA","NA NA NA NA NA NA NA NA","https://twitter.com/rahilahmar/status/1385717324993335296","rahil ahmar","I'm Mobile most of the time.","Sensible & Responsible","https://t.co/Yko3hvgUPt",FALSE,11,101,2,105,97,2009-12-26 06:25:41,FALSE,"https://t.co/Yko3hvgUPt","https://sennvoll.com/",,,"http://abs.twimg.com/images/themes/theme5/bg.gif","http://pbs.twimg.com/profile_images/1241464215556112385/suq1jigo_normal.jpg"
"x99443554","x1385716017125490692",2021-04-23 22:03:38,"rahilahmar","@vinodkapri @ArvindKejriwal Lampat aadmi hai ye... Entire Political Science is just a business man.","Twitter for Android",71,"x1385664493099708422","x160588215","vinodkapri",FALSE,FALSE,0,0,,,,,,,,,,,,,,,,"x160588215 x405427035","vinodkapri ArvindKejriwal","en",,,,,,,,,,,,,,,,,,,,,,,,,,,,,,,,,,,,,"NA NA","NA NA","NA NA NA NA NA NA NA NA","https://twitter.com/rahilahmar/status/1385716017125490692","rahil ahmar","I'm Mobile most of the time.","Sensible & Responsible","https://t.co/Yko3hvgUPt",FALSE,11,101,2,105,97,2009-12-26 06:25:41,FALSE,"https://t.co/Yko3hvgUPt","https://sennvoll.com/",,,"http://abs.twimg.com/images/themes/theme5/bg.gif","http://pbs.twimg.com/profile_images/1241464215556112385/suq1jigo_normal.jpg"
"x99443554","x1385583896536879105",2021-04-23 13:18:38,"rahilahmar","@scroll_in Yes I still remember the pose on Harley Davidson bike. Jhakaas","Twitter for Android",62,"x1385554269357678593","x414946220","scroll_in",FALSE,FALSE,0,0,,,,,,,,,,,,,,,,"x414946220","scroll_in","en",,,,,,,,,,,,,,,,,,,,,,,,,,,,,,,,,,,,,"NA NA","NA NA","NA NA NA NA NA NA NA NA","https://twitter.com/rahilahmar/status/1385583896536879105","rahil ahmar","I'm Mobile most of the time.","Sensible & Responsible","https://t.co/Yko3hvgUPt",FALSE,11,101,2,105,97,2009-12-26 06:25:41,FALSE,"https://t.co/Yko3hvgUPt","https://sennvoll.com/",,,"http://abs.twimg.com/images/themes/theme5/bg.gif","http://pbs.twimg.com/profile_images/1241464215556112385/suq1jigo_normal.jpg"
"x99443554","x1385478458080256006",2021-04-23 06:19:40,"rahilahmar","This was our experience at Paras Hospital Patna. These are blood sucking hospital. They can even drink you blood and will actually prefer. 
https://t.co/nvYmxaaLd9","Twitter for Android",163,,,,FALSE,FALSE,0,0,,,,,"youtube.com/shorts/dwD68np…","https://t.co/nvYmxaaLd9","https://youtube.com/shorts/dwD68npGRvc?feature=share",,,,,,,,,,,"en",,,,,,,,,,,,,,,,,,,,,,,,,,,,,,,,,,,,,"NA NA","NA NA","NA NA NA NA NA NA NA NA","https://twitter.com/rahilahmar/status/1385478458080256006","rahil ahmar","I'm Mobile most of the time.","Sensible & Responsible","https://t.co/Yko3hvgUPt",FALSE,11,101,2,105,97,2009-12-26 06:25:41,FALSE,"https://t.co/Yko3hvgUPt","https://sennvoll.com/",,,"http://abs.twimg.com/images/themes/theme5/bg.gif","http://pbs.twimg.com/profile_images/1241464215556112385/suq1jigo_normal.jpg"
"x99443554","x1385358152355381249",2021-04-22 22:21:36,"rahilahmar","@free_thinker Many hospitals are not making visit in Emergency. I went to Paras Hospital patna to get preliminary treatment of my uncle who is covid negative. He had suffered a heart stroke. No one came in the emergency ward. We were forced to go to other hospital. https://t.co/u1SSpyqsrh","Twitter for Android",251,"x1385311622302892032","x7431372","free_thinker",FALSE,FALSE,0,0,,,,,,,,"http://pbs.twimg.com/media/EznH44GVcAEJOsx.jpg","https://t.co/u1SSpyqsrh","https://twitter.com/rahilahmar/status/1385358152355381249/photo/1","photo","http://pbs.twimg.com/media/EznH44GVcAEJOsx.jpg","https://t.co/u1SSpyqsrh","https://twitter.com/rahilahmar/status/1385358152355381249/photo/1",,"x7431372","free_thinker","en",,,,,,,,,,,,,,,,,,,,,,,,,,,,,,,,,,,,,"NA NA","NA NA","NA NA NA NA NA NA NA NA","https://twitter.com/rahilahmar/status/1385358152355381249","rahil ahmar","I'm Mobile most of the time.","Sensible & Responsible","https://t.co/Yko3hvgUPt",FALSE,11,101,2,105,97,2009-12-26 06:25:41,FALSE,"https://t.co/Yko3hvgUPt","https://sennvoll.com/",,,"http://abs.twimg.com/images/themes/theme5/bg.gif","http://pbs.twimg.com/profile_images/1241464215556112385/suq1jigo_normal.jpg"
"x99443554","x1372206820429758465",2021-03-17 15:22:55,"rahilahmar","https://t.co/hQUsq58P6K","Twitter for Android",23,,,,FALSE,FALSE,0,0,,,,,"youtu.be/ruBfXIVSYZ8","https://t.co/hQUsq58P6K","https://youtu.be/ruBfXIVSYZ8",,,,,,,,,,,"und",,,,,,,,,,,,,,,,,,,,,,,,,,,,,,,,,,,,,"NA NA","NA NA","NA NA NA NA NA NA NA NA","https://twitter.com/rahilahmar/status/1372206820429758465","rahil ahmar","I'm Mobile most of the time.","Sensible & Responsible","https://t.co/Yko3hvgUPt",FALSE,11,101,2,105,97,2009-12-26 06:25:41,FALSE,"https://t.co/Yko3hvgUPt","https://sennvoll.com/",,,"http://abs.twimg.com/images/themes/theme5/bg.gif","http://pbs.twimg.com/profile_images/1241464215556112385/suq1jigo_normal.jpg"
"x99443554","x1363692612364894211",2021-02-22 03:30:29,"rahilahmar","@CNET Global warming isn't real and I don't see.","Twitter for Android",42,"x1363656250244890624","x30261067","CNET",FALSE,FALSE,0,0,,,,,,,,,,,,,,,,"x30261067","CNET","en",,,,,,,,,,,,,,,,,,,,,,,,,,,,,,,,,,,,,"NA NA","NA NA","NA NA NA NA NA NA NA NA","https://twitter.com/rahilahmar/status/1363692612364894211","rahil ahmar","I'm Mobile most of the time.","Sensible & Responsible","https://t.co/Yko3hvgUPt",FALSE,11,101,2,105,97,2009-12-26 06:25:41,FALSE,"https://t.co/Yko3hvgUPt","https://sennvoll.com/",,,"http://abs.twimg.com/images/themes/theme5/bg.gif","http://pbs.twimg.com/profile_images/1241464215556112385/suq1jigo_normal.jpg"
"x99443554","x1362029035862167552",2021-02-17 13:20:02,"rahilahmar","@thewire_in Terrible","Twitter for Android",8,"x1362020245016367105","x3150940290","thewire_in",FALSE,FALSE,0,0,,,,,,,,,,,,,,,,"x3150940290","thewire_in","en",,,,,,,,,,,,,,,,,,,,,,,,,,,,,,,,,,,,,"NA NA","NA NA","NA NA NA NA NA NA NA NA","https://twitter.com/rahilahmar/status/1362029035862167552","rahil ahmar","I'm Mobile most of the time.","Sensible & Responsible","https://t.co/Yko3hvgUPt",FALSE,11,101,2,105,97,2009-12-26 06:25:41,FALSE,"https://t.co/Yko3hvgUPt","https://sennvoll.com/",,,"http://abs.twimg.com/images/themes/theme5/bg.gif","http://pbs.twimg.com/profile_images/1241464215556112385/suq1jigo_normal.jpg"
"x99443554","x1361233265810542594",2021-02-15 08:37:55,"rahilahmar","@retheeshraj10 @Pun_Starr The regressive mindset is not new but a common one and comes along with family upbringing. I had observed this with many of my old friends (who were). They just cunningly hide it nicely. When alone they enjoy these comments.","Twitter for Android",224,"x1361222985810599937","x1523867352","retheeshraj10",FALSE,FALSE,0,0,,,,,,,,,,,,,,,,"x1523867352 x101546430","retheeshraj10 Pun_Starr","en",,,,,,,,,,,,,,,,,,,,,,,,,,,,,,,,,,,,,"NA NA","NA NA","NA NA NA NA NA NA NA NA","https://twitter.com/rahilahmar/status/1361233265810542594","rahil ahmar","I'm Mobile most of the time.","Sensible & Responsible","https://t.co/Yko3hvgUPt",FALSE,11,101,2,105,97,2009-12-26 06:25:41,FALSE,"https://t.co/Yko3hvgUPt","https://sennvoll.com/",,,"http://abs.twimg.com/images/themes/theme5/bg.gif","http://pbs.twimg.com/profile_images/1241464215556112385/suq1jigo_normal.jpg"
"x99443554","x1361204010544324610",2021-02-15 06:41:40,"rahilahmar","@AunindyoC Nowadays everywhere Cost of per lecture is inversely proportional to the unemployment rate.","Twitter for Android",91,"x1361177065404334085","x842306582973190145","AunindyoC",FALSE,FALSE,0,0,,,,,,,,,,,,,,,,"x842306582973190145","AunindyoC","en",,,,,,,,,,,,,,,,,,,,,,,,,,,,,,,,,,,,,"NA NA","NA NA","NA NA NA NA NA NA NA NA","https://twitter.com/rahilahmar/status/1361204010544324610","rahil ahmar","I'm Mobile most of the time.","Sensible & Responsible","https://t.co/Yko3hvgUPt",FALSE,11,101,2,105,97,2009-12-26 06:25:41,FALSE,"https://t.co/Yko3hvgUPt","https://sennvoll.com/",,,"http://abs.twimg.com/images/themes/theme5/bg.gif","http://pbs.twimg.com/profile_images/1241464215556112385/suq1jigo_normal.jpg"
"x99443554","x1359204460157784066",2021-02-09 18:16:10,"rahilahmar","@NiituKS @sushant_says @AshrafFem @khangirl_123 @iPraveenK_ @BeingSalmanK007 @CommonM0786 @ShivaniV2901 @Halima_Sultan_ @WasimAkramTyagi It's difficult in reality as most literate people have asked it openly. I had witnessed it closely.","Twitter for Android",99,"x1359156655825563654","x1358766909236207617","CutieeSnowQueen",FALSE,FALSE,0,0,,,,,,,,,,,,,,,,"x185609127 x1957958478 x1254833272846049280 x1218096658262552576 x1059257512384520192 x994206486296342528 x488313331","sushant_says AshrafFem iPraveenK_ BeingSalmanK007 CommonM0786 ShivaniV2901 WasimAkramTyagi","en",,,,,,,,,,,,,,,,,,,,,,,,,,,,,,,,,,,,,"NA NA","NA NA","NA NA NA NA NA NA NA NA","https://twitter.com/rahilahmar/status/1359204460157784066","rahil ahmar","I'm Mobile most of the time.","Sensible & Responsible","https://t.co/Yko3hvgUPt",FALSE,11,101,2,105,97,2009-12-26 06:25:41,FALSE,"https://t.co/Yko3hvgUPt","https://sennvoll.com/",,,"http://abs.twimg.com/images/themes/theme5/bg.gif","http://pbs.twimg.com/profile_images/1241464215556112385/suq1jigo_normal.jpg"
"x99443554","x1357071327622914050",2021-02-03 20:59:52,"rahilahmar","@GeekMomProjects Make one for bike riders, it could be a good idea. Fancy billboards are always there.","Twitter for Android",85,"x1356738829370056708","x3111161321","GeekMomProjects",FALSE,FALSE,1,0,,,,,,,,,,,,,,,,"x3111161321","GeekMomProjects","en",,,,,,,,,,,,,,,,,,,,,,,,,,,,,,,,,,,,,"NA NA","NA NA","NA NA NA NA NA NA NA NA","https://twitter.com/rahilahmar/status/1357071327622914050","rahil ahmar","I'm Mobile most of the time.","Sensible & Responsible","https://t.co/Yko3hvgUPt",FALSE,11,101,2,105,97,2009-12-26 06:25:41,FALSE,"https://t.co/Yko3hvgUPt","https://sennvoll.com/",,,"http://abs.twimg.com/images/themes/theme5/bg.gif","http://pbs.twimg.com/profile_images/1241464215556112385/suq1jigo_normal.jpg"
"x99443554","x1355898962708889601",2021-01-31 15:21:18,"rahilahmar","@AunindyoC @Pun_Starr Perfect for non bailable warrant.","Twitter for Android",33,"x1355821924450877444","x842306582973190145","AunindyoC",FALSE,FALSE,0,0,,,,,,,,,,,,,,,,"x842306582973190145 x101546430","AunindyoC Pun_Starr","en",,,,,,,,,,,,,,,,,,,,,,,,,,,,,,,,,,,,,"NA NA","NA NA","NA NA NA NA NA NA NA NA","https://twitter.com/rahilahmar/status/1355898962708889601","rahil ahmar","I'm Mobile most of the time.","Sensible & Responsible","https://t.co/Yko3hvgUPt",FALSE,11,101,2,105,97,2009-12-26 06:25:41,FALSE,"https://t.co/Yko3hvgUPt","https://sennvoll.com/",,,"http://abs.twimg.com/images/themes/theme5/bg.gif","http://pbs.twimg.com/profile_images/1241464215556112385/suq1jigo_normal.jpg"
"x99443554","x1349452026569101313",2021-01-13 20:23:29,"rahilahmar","@nytimes the fkucd up system keeps sizing us","Twitter Web App",35,"x1349407158476136451","x807095","nytimes",FALSE,FALSE,0,0,,,,,,,,,,,,,,,,"x807095","nytimes","en",,,,,,,,,,,,,,,,,,,,,,,,,,,,,,,,,,,,,"NA NA","NA NA","NA NA NA NA NA NA NA NA","https://twitter.com/rahilahmar/status/1349452026569101313","rahil ahmar","I'm Mobile most of the time.","Sensible & Responsible","https://t.co/Yko3hvgUPt",FALSE,11,101,2,105,97,2009-12-26 06:25:41,FALSE,"https://t.co/Yko3hvgUPt","https://sennvoll.com/",,,"http://abs.twimg.com/images/themes/theme5/bg.gif","http://pbs.twimg.com/profile_images/1241464215556112385/suq1jigo_normal.jpg"
"x99443554","x1349450283584155648",2021-01-13 20:16:33,"rahilahmar","https://t.co/4nv7X5KXpN","Twitter Web App",23,,,,FALSE,FALSE,0,0,,,,,"sennvoll.com/electric-bicyc…","https://t.co/4nv7X5KXpN","https://sennvoll.com/electric-bicycle/",,,,,,,,,,,"und",,,,,,,,,,,,,,,,,,,,,,,,,,,,,,,,,,,,,"NA NA","NA NA","NA NA NA NA NA NA NA NA","https://twitter.com/rahilahmar/status/1349450283584155648","rahil ahmar","I'm Mobile most of the time.","Sensible & Responsible","https://t.co/Yko3hvgUPt",FALSE,11,101,2,105,97,2009-12-26 06:25:41,FALSE,"https://t.co/Yko3hvgUPt","https://sennvoll.com/",,,"http://abs.twimg.com/images/themes/theme5/bg.gif","http://pbs.twimg.com/profile_images/1241464215556112385/suq1jigo_normal.jpg"
"x99443554","x1252356507422748680",2020-04-20 22:00:33,"rahilahmar","Seismic Class Server Racks
Design Principles and Anchorage. 
https://t.co/wIVKD5NPrZ https://t.co/ihwVUE7zbw","Instagram",108,,,,FALSE,FALSE,0,0,,,,,"sennvoll.com/seismic-class-… instagram.com/p/B_N_qj7D72K/…","https://t.co/wIVKD5NPrZ https://t.co/ihwVUE7zbw","https://sennvoll.com/seismic-class-server-racks/ https://www.instagram.com/p/B_N_qj7D72K/?igshid=e7oj69uhjyby",,,,,,,,,,,"en",,,,,,,,,,,,,,,,,,,,,,,,,,,,,,,,,,,,,"NA NA","NA NA","NA NA NA NA NA NA NA NA","https://twitter.com/rahilahmar/status/1252356507422748680","rahil ahmar","I'm Mobile most of the time.","Sensible & Responsible","https://t.co/Yko3hvgUPt",FALSE,11,101,2,105,97,2009-12-26 06:25:41,FALSE,"https://t.co/Yko3hvgUPt","https://sennvoll.com/",,,"http://abs.twimg.com/images/themes/theme5/bg.gif","http://pbs.twimg.com/profile_images/1241464215556112385/suq1jigo_normal.jpg"
"x99443554","x1250476655845363712",2020-04-15 17:30:42,"rahilahmar","https://t.co/4gsEmFzUXQ","Twitter for Android",23,,,,FALSE,FALSE,0,0,,,,,"youtu.be/rcCu3Yia6WU","https://t.co/4gsEmFzUXQ","https://youtu.be/rcCu3Yia6WU",,,,,,,,,,,"und",,,,,,,,,,,,,,,,,,,,,,,,,,,,,,,,,,,,,"NA NA","NA NA","NA NA NA NA NA NA NA NA","https://twitter.com/rahilahmar/status/1250476655845363712","rahil ahmar","I'm Mobile most of the time.","Sensible & Responsible","https://t.co/Yko3hvgUPt",FALSE,11,101,2,105,97,2009-12-26 06:25:41,FALSE,"https://t.co/Yko3hvgUPt","https://sennvoll.com/",,,"http://abs.twimg.com/images/themes/theme5/bg.gif","http://pbs.twimg.com/profile_images/1241464215556112385/suq1jigo_normal.jpg"
"x99443554","x1245194099797504000",2020-04-01 03:39:42,"rahilahmar","Non Invasive Positive Pressure Ventilator- 3 Printed-Concept. 
Downloadable File -
https://t.co/rtEaaYOzoG https://t.co/eD1HpQrfRm","Instagram",130,,,,FALSE,FALSE,0,0,,,,,"drive.google.com/open?id=1WCKta… instagram.com/p/B-bGk7ejyYe/…","https://t.co/rtEaaYOzoG https://t.co/eD1HpQrfRm","https://drive.google.com/open?id=1WCKtaiDPQtg-lqTLexM-7O2rES4V5Ipb https://www.instagram.com/p/B-bGk7ejyYe/?igshid=oau15051e4uk",,,,,,,,,,,"en",,,,,,,,,,,,,,,,,,,,,,,,,,,,,,,,,,,,,"NA NA","NA NA","NA NA NA NA NA NA NA NA","https://twitter.com/rahilahmar/status/1245194099797504000","rahil ahmar","I'm Mobile most of the time.","Sensible & Responsible","https://t.co/Yko3hvgUPt",FALSE,11,101,2,105,97,2009-12-26 06:25:41,FALSE,"https://t.co/Yko3hvgUPt","https://sennvoll.com/",,,"http://abs.twimg.com/images/themes/theme5/bg.gif","http://pbs.twimg.com/profile_images/1241464215556112385/suq1jigo_normal.jpg"
"x99443554","x1244609891316240385",2020-03-30 12:58:16,"rahilahmar","What ever you do, do it well. https://t.co/O3Kd3lbK4O","Instagram",53,,,,FALSE,FALSE,0,0,,,,,"instagram.com/p/B-W86Kcj3UP/…","https://t.co/O3Kd3lbK4O","https://www.instagram.com/p/B-W86Kcj3UP/?igshid=1j4wq70has97r",,,,,,,,,,,"en",,,,,,,,,,,,,,,,,,,,,,,,,,,,,,,,,,,,,"NA NA","NA NA","NA NA NA NA NA NA NA NA","https://twitter.com/rahilahmar/status/1244609891316240385","rahil ahmar","I'm Mobile most of the time.","Sensible & Responsible","https://t.co/Yko3hvgUPt",FALSE,11,101,2,105,97,2009-12-26 06:25:41,FALSE,"https://t.co/Yko3hvgUPt","https://sennvoll.com/",,,"http://abs.twimg.com/images/themes/theme5/bg.gif","http://pbs.twimg.com/profile_images/1241464215556112385/suq1jigo_normal.jpg"
"x99443554","x1244270775621705728",2020-03-29 14:30:44,"rahilahmar","https://t.co/tpZPun8cKR","Twitter for Android",23,,,,FALSE,FALSE,0,0,,,,,"youtu.be/Rd1s3m9DWp4","https://t.co/tpZPun8cKR","https://youtu.be/Rd1s3m9DWp4",,,,,,,,,,,"und",,,,,,,,,,,,,,,,,,,,,,,,,,,,,,,,,,,,,"NA NA","NA NA","NA NA NA NA NA NA NA NA","https://twitter.com/rahilahmar/status/1244270775621705728","rahil ahmar","I'm Mobile most of the time.","Sensible & Responsible","https://t.co/Yko3hvgUPt",FALSE,11,101,2,105,97,2009-12-26 06:25:41,FALSE,"https://t.co/Yko3hvgUPt","https://sennvoll.com/",,,"http://abs.twimg.com/images/themes/theme5/bg.gif","http://pbs.twimg.com/profile_images/1241464215556112385/suq1jigo_normal.jpg"
"x99443554","x1242863534930718720",2020-03-25 17:18:52,"rahilahmar","@thewire_in When you don't have brain but have a mic, this is bound to happen.","Twitter for Android",66,"x1242720373096898565","x3150940290","thewire_in",FALSE,FALSE,0,0,,,,,,,,,,,,,,,,"x3150940290","thewire_in","en",,,,,,,,,,,,,,,,,,,,,,,,,,,,,,,,,,,,,"NA NA","NA NA","NA NA NA NA NA NA NA NA","https://twitter.com/rahilahmar/status/1242863534930718720","rahil ahmar","I'm Mobile most of the time.","Sensible & Responsible","https://t.co/Yko3hvgUPt",FALSE,11,101,2,105,97,2009-12-26 06:25:41,FALSE,"https://t.co/Yko3hvgUPt","https://sennvoll.com/",,,"http://abs.twimg.com/images/themes/theme5/bg.gif","http://pbs.twimg.com/profile_images/1241464215556112385/suq1jigo_normal.jpg"
"x99443554","x1242394449222623232",2020-03-24 10:14:53,"rahilahmar","mybicpenuk @PaperMate and my favorite prismacolor to keep me engaged in #covıd19 https://t.co/DO4noghhCc","Instagram",104,,,,FALSE,FALSE,0,0,,,"covıd19",,"instagram.com/p/B-HNPq9j8Nm/…","https://t.co/DO4noghhCc","https://www.instagram.com/p/B-HNPq9j8Nm/?igshid=pqb9081nt5cx",,,,,,,,,"x241154949","PaperMate","en",,,,,,,,,,,,,,,,,,,,,,,,,,,,,,,,,,,,,"NA NA","NA NA","NA NA NA NA NA NA NA NA","https://twitter.com/rahilahmar/status/1242394449222623232","rahil ahmar","I'm Mobile most of the time.","Sensible & Responsible","https://t.co/Yko3hvgUPt",FALSE,11,101,2,105,97,2009-12-26 06:25:41,FALSE,"https://t.co/Yko3hvgUPt","https://sennvoll.com/",,,"http://abs.twimg.com/images/themes/theme5/bg.gif","http://pbs.twimg.com/profile_images/1241464215556112385/suq1jigo_normal.jpg"
"x99443554","x1242391007892824064",2020-03-24 10:01:13,"rahilahmar","Design Sketch. 
Keep Hope Alive
#covid_19 https://t.co/EHv6JehabW","Instagram",65,,,,FALSE,FALSE,0,0,,,"covid_19",,"instagram.com/p/B-HL4OSjLWD/…","https://t.co/EHv6JehabW","https://www.instagram.com/p/B-HL4OSjLWD/?igshid=itd9i0tgsd7b",,,,,,,,,,,"en",,,,,,,,,,,,,,,,,,,,,,,,,,,,,,,,,,,,,"NA NA","NA NA","NA NA NA NA NA NA NA NA","https://twitter.com/rahilahmar/status/1242391007892824064","rahil ahmar","I'm Mobile most of the time.","Sensible & Responsible","https://t.co/Yko3hvgUPt",FALSE,11,101,2,105,97,2009-12-26 06:25:41,FALSE,"https://t.co/Yko3hvgUPt","https://sennvoll.com/",,,"http://abs.twimg.com/images/themes/theme5/bg.gif","http://pbs.twimg.com/profile_images/1241464215556112385/suq1jigo_normal.jpg"
"x99443554","x1242388770416209923",2020-03-24 09:52:19,"rahilahmar","It's good idea to keep you in isolation and hope. 
#covıd19 https://t.co/col0d9gJhH","Instagram",83,,,,FALSE,FALSE,0,0,,,"covıd19",,"instagram.com/p/B-HK3JsD-iC/…","https://t.co/col0d9gJhH","https://www.instagram.com/p/B-HK3JsD-iC/?igshid=616jhaqx6m2x",,,,,,,,,,,"en",,,,,,,,,,,,,,,,,,,,,,,,,,,,,,,,,,,,,"NA NA","NA NA","NA NA NA NA NA NA NA NA","https://twitter.com/rahilahmar/status/1242388770416209923","rahil ahmar","I'm Mobile most of the time.","Sensible & Responsible","https://t.co/Yko3hvgUPt",FALSE,11,101,2,105,97,2009-12-26 06:25:41,FALSE,"https://t.co/Yko3hvgUPt","https://sennvoll.com/",,,"http://abs.twimg.com/images/themes/theme5/bg.gif","http://pbs.twimg.com/profile_images/1241464215556112385/suq1jigo_normal.jpg"
"x99443554","x1242381391616065536",2020-03-24 09:23:00,"rahilahmar","We are indeed morally bankrupt, we celebrate death and enjoy people's agony by making a meme. https://t.co/fnQv7xVC8Y","Twitter for Android",93,,,,TRUE,FALSE,0,0,,,,,"twitter.com/Pun_Starr/stat…","https://t.co/fnQv7xVC8Y","https://twitter.com/Pun_Starr/status/1242363151858814977",,,,,,,,,,,"en","x1242363151858814977","Doctors are being asked to vacate their rented houses by landlords.

Airlines staff are being ostracised.

Doctors are being trolled for demanding basic facilities in the face of a pandemic.

A few days back someone said, we are a morally corrupt society.",2020-03-24 08:10:32,"Twitter for Android",9496,2930,"x101546430","Pun_Starr","PuNsTeR™",157776,235,34462,"India","Parody | Wasted by time | Ditched by luck | Dumped by talent | Fun intended",FALSE,,,,,,,,,,,,,,,,,,,,,,"NA NA","NA NA","NA NA NA NA NA NA NA NA","https://twitter.com/rahilahmar/status/1242381391616065536","rahil ahmar","I'm Mobile most of the time.","Sensible & Responsible","https://t.co/Yko3hvgUPt",FALSE,11,101,2,105,97,2009-12-26 06:25:41,FALSE,"https://t.co/Yko3hvgUPt","https://sennvoll.com/",,,"http://abs.twimg.com/images/themes/theme5/bg.gif","http://pbs.twimg.com/profile_images/1241464215556112385/suq1jigo_normal.jpg"
"x99443554","x1242095985397923840",2020-03-23 14:28:54,"rahilahmar","For many corporates this will just be an opportunity for swift layoffs.","Twitter for Android",71,,,,FALSE,FALSE,0,0,,,,,,,,,,,,,,,,,,"en",,,,,,,,,,,,,,,,,,,,,,,,,,,,,,,,,,,,,"NA NA","NA NA","NA NA NA NA NA NA NA NA","https://twitter.com/rahilahmar/status/1242095985397923840","rahil ahmar","I'm Mobile most of the time.","Sensible & Responsible","https://t.co/Yko3hvgUPt",FALSE,11,101,2,105,97,2009-12-26 06:25:41,FALSE,"https://t.co/Yko3hvgUPt","https://sennvoll.com/",,,"http://abs.twimg.com/images/themes/theme5/bg.gif","http://pbs.twimg.com/profile_images/1241464215556112385/suq1jigo_normal.jpg"
"x99443554","x1242095007160340480",2020-03-23 14:25:01,"rahilahmar","https://t.co/zD3USR6Chw","Twitter for Android",23,,,,FALSE,FALSE,0,0,,,,,"m.youtube.com/watch?feature=…","https://t.co/zD3USR6Chw","https://m.youtube.com/watch?feature=youtu.be&v=flnk03GFxdE",,,,,,,,,,,"und",,,,,,,,,,,,,,,,,,,,,,,,,,,,,,,,,,,,,"NA NA","NA NA","NA NA NA NA NA NA NA NA","https://twitter.com/rahilahmar/status/1242095007160340480","rahil ahmar","I'm Mobile most of the time.","Sensible & Responsible","https://t.co/Yko3hvgUPt",FALSE,11,101,2,105,97,2009-12-26 06:25:41,FALSE,"https://t.co/Yko3hvgUPt","https://sennvoll.com/",,,"http://abs.twimg.com/images/themes/theme5/bg.gif","http://pbs.twimg.com/profile_images/1241464215556112385/suq1jigo_normal.jpg"
"x99443554","x1077340928325619712",2018-12-24 23:11:07,"rahilahmar","Merry Christmas https://t.co/rBvuwUEL3y","LinkedIn",39,,,,FALSE,FALSE,0,0,,,,,"lnkd.in/fQH89gH","https://t.co/rBvuwUEL3y","https://lnkd.in/fQH89gH",,,,,,,,,,,"et",,,,,,,,,,,,,,,,,,,,,,,,,,,,,,,,,,,,,"NA NA","NA NA","NA NA NA NA NA NA NA NA","https://twitter.com/rahilahmar/status/1077340928325619712","rahil ahmar","I'm Mobile most of the time.","Sensible & Responsible","https://t.co/Yko3hvgUPt",FALSE,11,101,2,105,97,2009-12-26 06:25:41,FALSE,"https://t.co/Yko3hvgUPt","https://sennvoll.com/",,,"http://abs.twimg.com/images/themes/theme5/bg.gif","http://pbs.twimg.com/profile_images/1241464215556112385/suq1jigo_normal.jpg"
"x99443554","x1072051690050863104",2018-12-10 08:53:35,"rahilahmar","#Huawei CFO's arrest won't help US. There is a greater level of protectionism at play and it happens not only on global scale but also intra-city. These trade protection will potentially damage the accessibility of technologies and innovations that are re…https://t.co/vnI8Lzn5bc","LinkedIn",279,,,,FALSE,FALSE,0,0,,,"Huawei",,"lnkd.in/f8EBwgu","https://t.co/vnI8Lzn5bc","https://lnkd.in/f8EBwgu",,,,,,,,,,,"en",,,,,,,,,,,,,,,,,,,,,,,,,,,,,,,,,,,,,"NA NA","NA NA","NA NA NA NA NA NA NA NA","https://twitter.com/rahilahmar/status/1072051690050863104","rahil ahmar","I'm Mobile most of the time.","Sensible & Responsible","https://t.co/Yko3hvgUPt",FALSE,11,101,2,105,97,2009-12-26 06:25:41,FALSE,"https://t.co/Yko3hvgUPt","https://sennvoll.com/",,,"http://abs.twimg.com/images/themes/theme5/bg.gif","http://pbs.twimg.com/profile_images/1241464215556112385/suq1jigo_normal.jpg"
"x99443554","x744362278573604864",2016-06-19 02:52:51,"rahilahmar","Great Wisdon https://t.co/ZtugTh4rBw","LinkedIn",36,,,,FALSE,FALSE,0,0,,,,,"lnkd.in/f_jDDHh","https://t.co/ZtugTh4rBw","https://lnkd.in/f_jDDHh",,,,,,,,,,,"en",,,,,,,,,,,,,,,,,,,,,,,,,,,,,,,,,,,,,"NA NA","NA NA","NA NA NA NA NA NA NA NA","https://twitter.com/rahilahmar/status/744362278573604864","rahil ahmar","I'm Mobile most of the time.","Sensible & Responsible","https://t.co/Yko3hvgUPt",FALSE,11,101,2,105,97,2009-12-26 06:25:41,FALSE,"https://t.co/Yko3hvgUPt","https://sennvoll.com/",,,"http://abs.twimg.com/images/themes/theme5/bg.gif","http://pbs.twimg.com/profile_images/1241464215556112385/suq1jigo_normal.jpg"
"x99443554","x611485233398067200",2015-06-18 10:46:55,"rahilahmar","Nowadays after 10th, it's it's good to take a short term courses.It revives you from aftershocks of board... http://t.co/fv5wbQpCQ2","Facebook",131,,,,FALSE,FALSE,0,0,,,,,"fb.me/3dtms4yWR","http://t.co/fv5wbQpCQ2","http://fb.me/3dtms4yWR",,,,,,,,,,,"en",,,,,,,,,,,,,,,,,,,,,,,,,,,,,,,,,,,,,"NA NA","NA NA","NA NA NA NA NA NA NA NA","https://twitter.com/rahilahmar/status/611485233398067200","rahil ahmar","I'm Mobile most of the time.","Sensible & Responsible","https://t.co/Yko3hvgUPt",FALSE,11,101,2,105,97,2009-12-26 06:25:41,FALSE,"https://t.co/Yko3hvgUPt","https://sennvoll.com/",,,"http://abs.twimg.com/images/themes/theme5/bg.gif","http://pbs.twimg.com/profile_images/1241464215556112385/suq1jigo_normal.jpg"
"x99443554","x611482590747459584",2015-06-18 10:36:25,"rahilahmar","Is education really about building career or just a way of Life or Journey in itself? http://t.co/NJ47Xm4lw1","Facebook",108,,,,FALSE,FALSE,0,0,,,,,"fb.me/1X2gzKGjy","http://t.co/NJ47Xm4lw1","http://fb.me/1X2gzKGjy",,,,,,,,,,,"en",,,,,,,,,,,,,,,,,,,,,,,,,,,,,,,,,,,,,"NA NA","NA NA","NA NA NA NA NA NA NA NA","https://twitter.com/rahilahmar/status/611482590747459584","rahil ahmar","I'm Mobile most of the time.","Sensible & Responsible","https://t.co/Yko3hvgUPt",FALSE,11,101,2,105,97,2009-12-26 06:25:41,FALSE,"https://t.co/Yko3hvgUPt","https://sennvoll.com/",,,"http://abs.twimg.com/images/themes/theme5/bg.gif","http://pbs.twimg.com/profile_images/1241464215556112385/suq1jigo_normal.jpg"
"x99443554","x517365892594683904",2014-10-01 17:30:15,"rahilahmar","Invitation for final ritual of Late Dr. Bahadur singh http://t.co/iLxgBER6bD","Facebook",76,,,,FALSE,FALSE,0,0,,,,,"fb.me/1lOjcpxt3","http://t.co/iLxgBER6bD","http://fb.me/1lOjcpxt3",,,,,,,,,,,"en",,,,,,,,,,,,,,,,,,,,,,,,,,,,,,,,,,,,,"NA NA","NA NA","NA NA NA NA NA NA NA NA","https://twitter.com/rahilahmar/status/517365892594683904","rahil ahmar","I'm Mobile most of the time.","Sensible & Responsible","https://t.co/Yko3hvgUPt",FALSE,11,101,2,105,97,2009-12-26 06:25:41,FALSE,"https://t.co/Yko3hvgUPt","https://sennvoll.com/",,,"http://abs.twimg.com/images/themes/theme5/bg.gif","http://pbs.twimg.com/profile_images/1241464215556112385/suq1jigo_normal.jpg"
"x99443554","x374900365872750592",2013-09-03 14:23:07,"rahilahmar","Free download: 25 Colorful Grunge Textures http://t.co/q0ilPcsIlN","WebdesignerDepot Pay With Tweet",65,,,,FALSE,FALSE,0,0,,,,,"bit.ly/14K8OKJ","http://t.co/q0ilPcsIlN","http://bit.ly/14K8OKJ",,,,,,,,,,,"en",,,,,,,,,,,,,,,,,,,,,,,,,,,,,,,,,,,,,"NA NA","NA NA","NA NA NA NA NA NA NA NA","https://twitter.com/rahilahmar/status/374900365872750592","rahil ahmar","I'm Mobile most of the time.","Sensible & Responsible","https://t.co/Yko3hvgUPt",FALSE,11,101,2,105,97,2009-12-26 06:25:41,FALSE,"https://t.co/Yko3hvgUPt","https://sennvoll.com/",,,"http://abs.twimg.com/images/themes/theme5/bg.gif","http://pbs.twimg.com/profile_images/1241464215556112385/suq1jigo_normal.jpg"
"x99443554","x46545407400087552",2011-03-12 12:17:44,"rahilahmar","The funniest moment in schoool will be enormous..but the most frequently happenings  "" students returning to... http://fb.me/S6yhwGnL","Facebook",133,,,,FALSE,FALSE,0,0,,,,,,,,,,,,,,,,,,"en",,,,,,,,,,,,,,,,,,,,,,,,,,,,,,,,,,,,,"NA NA","NA NA","NA NA NA NA NA NA NA NA","https://twitter.com/rahilahmar/status/46545407400087552","rahil ahmar","I'm Mobile most of the time.","Sensible & Responsible","https://t.co/Yko3hvgUPt",FALSE,11,101,2,105,97,2009-12-26 06:25:41,FALSE,"https://t.co/Yko3hvgUPt","https://sennvoll.com/",,,"http://abs.twimg.com/images/themes/theme5/bg.gif","http://pbs.twimg.com/profile_images/1241464215556112385/suq1jigo_normal.jpg"
"x99443554","x46542748089712640",2011-03-12 12:07:10,"rahilahmar","I posted 6 photos on Facebook in the album ""Few Clicks"" http://fb.me/V6WPdSvq","Facebook",77,,,,FALSE,FALSE,0,0,,,,,,,,,,,,,,,,,,"en",,,,,,,,,,,,,,,,,,,,,,,,,,,,,,,,,,,,,"NA NA","NA NA","NA NA NA NA NA NA NA NA","https://twitter.com/rahilahmar/status/46542748089712640","rahil ahmar","I'm Mobile most of the time.","Sensible & Responsible","https://t.co/Yko3hvgUPt",FALSE,11,101,2,105,97,2009-12-26 06:25:41,FALSE,"https://t.co/Yko3hvgUPt","https://sennvoll.com/",,,"http://abs.twimg.com/images/themes/theme5/bg.gif","http://pbs.twimg.com/profile_images/1241464215556112385/suq1jigo_normal.jpg"
"x99443554","x46535939652194304",2011-03-12 11:40:07,"rahilahmar","I posted 5 photos on Facebook in the album ""School View"" http://fb.me/T3t1uDeW","Facebook",78,,,,FALSE,FALSE,0,0,,,,,,,,,,,,,,,,,,"en",,,,,,,,,,,,,,,,,,,,,,,,,,,,,,,,,,,,,"NA NA","NA NA","NA NA NA NA NA NA NA NA","https://twitter.com/rahilahmar/status/46535939652194304","rahil ahmar","I'm Mobile most of the time.","Sensible & Responsible","https://t.co/Yko3hvgUPt",FALSE,11,101,2,105,97,2009-12-26 06:25:41,FALSE,"https://t.co/Yko3hvgUPt","https://sennvoll.com/",,,"http://abs.twimg.com/images/themes/theme5/bg.gif","http://pbs.twimg.com/profile_images/1241464215556112385/suq1jigo_normal.jpg"
"x99443554","x17146791568871424",2010-12-21 09:18:08,"rahilahmar","can someboby tell the music track (YouTube http://youtu.be/56ww--j17sE?a)","Google",73,,,,FALSE,FALSE,0,0,,,,,,,,,,,,,,,,,,"en",,,,,,,,,,,,,,,,,,,,,,,,,,,,,,,,,,,,,"NA NA","NA NA","NA NA NA NA NA NA NA NA","https://twitter.com/rahilahmar/status/17146791568871424","rahil ahmar","I'm Mobile most of the time.","Sensible & Responsible","https://t.co/Yko3hvgUPt",FALSE,11,101,2,105,97,2009-12-26 06:25:41,FALSE,"https://t.co/Yko3hvgUPt","https://sennvoll.com/",,,"http://abs.twimg.com/images/themes/theme5/bg.gif","http://pbs.twimg.com/profile_images/1241464215556112385/suq1jigo_normal.jpg"
"x99443554","x14632000761626624",2010-12-14 10:45:15,"rahilahmar","The music has en essence of dexterity possessed by South India in Arts. (YouTube http://youtu.be/2LWAplgczNU?a)","Google",111,,,,FALSE,FALSE,0,0,,,,,,,,,,,,,,,,,,"en",,,,,,,,,,,,,,,,,,,,,,,,,,,,,,,,,,,,,"NA NA","NA NA","NA NA NA NA NA NA NA NA","https://twitter.com/rahilahmar/status/14632000761626624","rahil ahmar","I'm Mobile most of the time.","Sensible & Responsible","https://t.co/Yko3hvgUPt",FALSE,11,101,2,105,97,2009-12-26 06:25:41,FALSE,"https://t.co/Yko3hvgUPt","https://sennvoll.com/",,,"http://abs.twimg.com/images/themes/theme5/bg.gif","http://pbs.twimg.com/profile_images/1241464215556112385/suq1jigo_normal.jpg"
"x99443554","x11442430423334912",2010-12-05 15:31:02,"rahilahmar","Have already taken Kellogs K Challenge from past 20 days.I did loose few grams of weight. Haaa thats mission complete.","Twitter Web Client",118,,,,FALSE,FALSE,0,0,,,,,,,,,,,,,,,,,,"en",,,,,,,,,,,,,,,,,,,,,,,,,,,,,,,,,,,,,"NA NA","NA NA","NA NA NA NA NA NA NA NA","https://twitter.com/rahilahmar/status/11442430423334912","rahil ahmar","I'm Mobile most of the time.","Sensible & Responsible","https://t.co/Yko3hvgUPt",FALSE,11,101,2,105,97,2009-12-26 06:25:41,FALSE,"https://t.co/Yko3hvgUPt","https://sennvoll.com/",,,"http://abs.twimg.com/images/themes/theme5/bg.gif","http://pbs.twimg.com/profile_images/1241464215556112385/suq1jigo_normal.jpg"
"x99443554","x11440629963816960",2010-12-05 15:23:53,"rahilahmar","@BDUTT Premji had changed the definition of social responsibility.But it should function properly","Twitter Web Client",97,"x11411369660260353","x19929890","BDUTT",FALSE,FALSE,0,0,,,,,,,,,,,,,,,,"x19929890","BDUTT","en",,,,,,,,,,,,,,,,,,,,,,,,,,,,,,,,,,,,,"NA NA","NA NA","NA NA NA NA NA NA NA NA","https://twitter.com/rahilahmar/status/11440629963816960","rahil ahmar","I'm Mobile most of the time.","Sensible & Responsible","https://t.co/Yko3hvgUPt",FALSE,11,101,2,105,97,2009-12-26 06:25:41,FALSE,"https://t.co/Yko3hvgUPt","https://sennvoll.com/",,,"http://abs.twimg.com/images/themes/theme5/bg.gif","http://pbs.twimg.com/profile_images/1241464215556112385/suq1jigo_normal.jpg"
"x99443554","x27431229551",2010-10-15 11:20:07,"rahilahmar","I uploaded a YouTube video -- TSPDL-TADA Wild Bachelor's Parts~ Don't Tell My Mom http://youtu.be/ec2dVTpH02Q?a","Google",111,,,,FALSE,FALSE,0,0,,,,,,,,,,,,,,,,,,"en",,,,,,,,,,,,,,,,,,,,,,,,,,,,,,,,,,,,,"NA NA","NA NA","NA NA NA NA NA NA NA NA","https://twitter.com/rahilahmar/status/27431229551","rahil ahmar","I'm Mobile most of the time.","Sensible & Responsible","https://t.co/Yko3hvgUPt",FALSE,11,101,2,105,97,2009-12-26 06:25:41,FALSE,"https://t.co/Yko3hvgUPt","https://sennvoll.com/",,,"http://abs.twimg.com/images/themes/theme5/bg.gif","http://pbs.twimg.com/profile_images/1241464215556112385/suq1jigo_normal.jpg"
"x99443554","x27430760468",2010-10-15 11:12:17,"rahilahmar","Hahahahahaha.......What s Going on.... (YouTube http://youtu.be/ec2dVTpH02Q?a)","Google",78,,,,FALSE,FALSE,0,0,,,,,,,,,,,,,,,,,,"en",,,,,,,,,,,,,,,,,,,,,,,,,,,,,,,,,,,,,"NA NA","NA NA","NA NA NA NA NA NA NA NA","https://twitter.com/rahilahmar/status/27430760468","rahil ahmar","I'm Mobile most of the time.","Sensible & Responsible","https://t.co/Yko3hvgUPt",FALSE,11,101,2,105,97,2009-12-26 06:25:41,FALSE,"https://t.co/Yko3hvgUPt","https://sennvoll.com/",,,"http://abs.twimg.com/images/themes/theme5/bg.gif","http://pbs.twimg.com/profile_images/1241464215556112385/suq1jigo_normal.jpg"
"x99443554","x27430719527",2010-10-15 11:11:37,"rahilahmar","I liked a YouTube video -- TSPDL-TADA Wild Bachelor's Parts~ Don't Tell My Mom http://youtu.be/ec2dVTpH02Q?a","Google",108,,,,FALSE,FALSE,0,0,,,,,,,,,,,,,,,,,,"en",,,,,,,,,,,,,,,,,,,,,,,,,,,,,,,,,,,,,"NA NA","NA NA","NA NA NA NA NA NA NA NA","https://twitter.com/rahilahmar/status/27430719527","rahil ahmar","I'm Mobile most of the time.","Sensible & Responsible","https://t.co/Yko3hvgUPt",FALSE,11,101,2,105,97,2009-12-26 06:25:41,FALSE,"https://t.co/Yko3hvgUPt","https://sennvoll.com/",,,"http://abs.twimg.com/images/themes/theme5/bg.gif","http://pbs.twimg.com/profile_images/1241464215556112385/suq1jigo_normal.jpg"
"x99443554","x13716733586",2010-05-10 09:06:48,"rahilahmar","@majesticmaniac well said (YouTube http://youtu.be/CxyHRB8QUJY?a)","Google",65,,,,FALSE,FALSE,0,0,,,,,,,,,,,,,,,,"x192905969","majesticmaniac","en",,,,,,,,,,,,,,,,,,,,,,,,,,,,,,,,,,,,,"NA NA","NA NA","NA NA NA NA NA NA NA NA","https://twitter.com/rahilahmar/status/13716733586","rahil ahmar","I'm Mobile most of the time.","Sensible & Responsible","https://t.co/Yko3hvgUPt",FALSE,11,101,2,105,97,2009-12-26 06:25:41,FALSE,"https://t.co/Yko3hvgUPt","https://sennvoll.com/",,,"http://abs.twimg.com/images/themes/theme5/bg.gif","http://pbs.twimg.com/profile_images/1241464215556112385/suq1jigo_normal.jpg"
"x99443554","x13352307282",2010-05-04 07:10:42,"rahilahmar","fantastic........ (YouTube http://youtu.be/ET66oPXlCJU?a)","Google",57,,,,FALSE,FALSE,0,0,,,,,,,,,,,,,,,,,,"en",,,,,,,,,,,,,,,,,,,,,,,,,,,,,,,,,,,,,"NA NA","NA NA","NA NA NA NA NA NA NA NA","https://twitter.com/rahilahmar/status/13352307282","rahil ahmar","I'm Mobile most of the time.","Sensible & Responsible","https://t.co/Yko3hvgUPt",FALSE,11,101,2,105,97,2009-12-26 06:25:41,FALSE,"https://t.co/Yko3hvgUPt","https://sennvoll.com/",,,"http://abs.twimg.com/images/themes/theme5/bg.gif","http://pbs.twimg.com/profile_images/1241464215556112385/suq1jigo_normal.jpg"
"x99443554","x13352305089",2010-05-04 07:10:37,"rahilahmar","I liked a YouTube video -- Rubiks Cube Poster Illusion! http://youtu.be/ET66oPXlCJU?a","Google",85,,,,FALSE,FALSE,0,0,,,,,,,,,,,,,,,,,,"en",,,,,,,,,,,,,,,,,,,,,,,,,,,,,,,,,,,,,"NA NA","NA NA","NA NA NA NA NA NA NA NA","https://twitter.com/rahilahmar/status/13352305089","rahil ahmar","I'm Mobile most of the time.","Sensible & Responsible","https://t.co/Yko3hvgUPt",FALSE,11,101,2,105,97,2009-12-26 06:25:41,FALSE,"https://t.co/Yko3hvgUPt","https://sennvoll.com/",,,"http://abs.twimg.com/images/themes/theme5/bg.gif","http://pbs.twimg.com/profile_images/1241464215556112385/suq1jigo_normal.jpg"
"x99443554","x13349988257",2010-05-04 05:55:30,"rahilahmar","I liked a YouTube video -- Left Brain Vs Right Brain Education http://youtu.be/XxSmOOaXrHk?a","Google",92,,,,FALSE,FALSE,0,0,,,,,,,,,,,,,,,,,,"en",,,,,,,,,,,,,,,,,,,,,,,,,,,,,,,,,,,,,"NA NA","NA NA","NA NA NA NA NA NA NA NA","https://twitter.com/rahilahmar/status/13349988257","rahil ahmar","I'm Mobile most of the time.","Sensible & Responsible","https://t.co/Yko3hvgUPt",FALSE,11,101,2,105,97,2009-12-26 06:25:41,FALSE,"https://t.co/Yko3hvgUPt","https://sennvoll.com/",,,"http://abs.twimg.com/images/themes/theme5/bg.gif","http://pbs.twimg.com/profile_images/1241464215556112385/suq1jigo_normal.jpg"
"x99443554","x13288472855",2010-05-03 05:08:08,"rahilahmar","I subscribed to dbaranwal19's channel on YouTube http://www.youtube.com/user/dbaranwal19?feature=autoshare_twitter","Google",114,,,,FALSE,FALSE,0,0,,,,,,,,,,,,,,,,,,"en",,,,,,,,,,,,,,,,,,,,,,,,,,,,,,,,,,,,,"NA NA","NA NA","NA NA NA NA NA NA NA NA","https://twitter.com/rahilahmar/status/13288472855","rahil ahmar","I'm Mobile most of the time.","Sensible & Responsible","https://t.co/Yko3hvgUPt",FALSE,11,101,2,105,97,2009-12-26 06:25:41,FALSE,"https://t.co/Yko3hvgUPt","https://sennvoll.com/",,,"http://abs.twimg.com/images/themes/theme5/bg.gif","http://pbs.twimg.com/profile_images/1241464215556112385/suq1jigo_normal.jpg"
"x99443554","x12757597865",2010-04-24 11:13:24,"rahilahmar","I favorited a YouTube video -- Shab Ke Jage Hue Taaron Ko - Kumar Sanu http://youtu.be/i7jz5L3UDGo?a","Google",100,,,,FALSE,FALSE,0,0,,,,,,,,,,,,,,,,,,"tl",,,,,,,,,,,,,,,,,,,,,,,,,,,,,,,,,,,,,"NA NA","NA NA","NA NA NA NA NA NA NA NA","https://twitter.com/rahilahmar/status/12757597865","rahil ahmar","I'm Mobile most of the time.","Sensible & Responsible","https://t.co/Yko3hvgUPt",FALSE,11,101,2,105,97,2009-12-26 06:25:41,FALSE,"https://t.co/Yko3hvgUPt","https://sennvoll.com/",,,"http://abs.twimg.com/images/themes/theme5/bg.gif","http://pbs.twimg.com/profile_images/1241464215556112385/suq1jigo_normal.jpg"
"x99443554","x12333996970",2010-04-17 09:45:36,"rahilahmar","I liked a YouTube video -- David Gilmour - The Blue http://youtu.be/PlK6GN4oJgU?a","Google",81,,,,FALSE,FALSE,0,0,,,,,,,,,,,,,,,,,,"en",,,,,,,,,,,,,,,,,,,,,,,,,,,,,,,,,,,,,"NA NA","NA NA","NA NA NA NA NA NA NA NA","https://twitter.com/rahilahmar/status/12333996970","rahil ahmar","I'm Mobile most of the time.","Sensible & Responsible","https://t.co/Yko3hvgUPt",FALSE,11,101,2,105,97,2009-12-26 06:25:41,FALSE,"https://t.co/Yko3hvgUPt","https://sennvoll.com/",,,"http://abs.twimg.com/images/themes/theme5/bg.gif","http://pbs.twimg.com/profile_images/1241464215556112385/suq1jigo_normal.jpg"
"x99443554","x12332490992",2010-04-17 08:48:12,"rahilahmar","I liked a YouTube video -- Pink Floyd 2001: A Floyd Odyssey Full Ending Scene http://youtu.be/f88NZ1sxWX0?a","Google",107,,,,FALSE,FALSE,0,0,,,,,,,,,,,,,,,,,,"en",,,,,,,,,,,,,,,,,,,,,,,,,,,,,,,,,,,,,"NA NA","NA NA","NA NA NA NA NA NA NA NA","https://twitter.com/rahilahmar/status/12332490992","rahil ahmar","I'm Mobile most of the time.","Sensible & Responsible","https://t.co/Yko3hvgUPt",FALSE,11,101,2,105,97,2009-12-26 06:25:41,FALSE,"https://t.co/Yko3hvgUPt","https://sennvoll.com/",,,"http://abs.twimg.com/images/themes/theme5/bg.gif","http://pbs.twimg.com/profile_images/1241464215556112385/suq1jigo_normal.jpg"
"x99443554","x12332489746",2010-04-17 08:48:10,"rahilahmar","Thnks for the Upload (YouTube http://youtu.be/f88NZ1sxWX0?a)","Google",60,,,,FALSE,FALSE,0,0,,,,,,,,,,,,,,,,,,"en",,,,,,,,,,,,,,,,,,,,,,,,,,,,,,,,,,,,,"NA NA","NA NA","NA NA NA NA NA NA NA NA","https://twitter.com/rahilahmar/status/12332489746","rahil ahmar","I'm Mobile most of the time.","Sensible & Responsible","https://t.co/Yko3hvgUPt",FALSE,11,101,2,105,97,2009-12-26 06:25:41,FALSE,"https://t.co/Yko3hvgUPt","https://sennvoll.com/",,,"http://abs.twimg.com/images/themes/theme5/bg.gif","http://pbs.twimg.com/profile_images/1241464215556112385/suq1jigo_normal.jpg"
"x99443554","x11746803659",2010-04-07 08:47:56,"rahilahmar","I liked a YouTube video -- My Guitar Gear http://youtu.be/cj75GlJyVmw?a","Google",71,,,,FALSE,FALSE,0,0,,,,,,,,,,,,,,,,,,"en",,,,,,,,,,,,,,,,,,,,,,,,,,,,,,,,,,,,,"NA NA","NA NA","NA NA NA NA NA NA NA NA","https://twitter.com/rahilahmar/status/11746803659","rahil ahmar","I'm Mobile most of the time.","Sensible & Responsible","https://t.co/Yko3hvgUPt",FALSE,11,101,2,105,97,2009-12-26 06:25:41,FALSE,"https://t.co/Yko3hvgUPt","https://sennvoll.com/",,,"http://abs.twimg.com/images/themes/theme5/bg.gif","http://pbs.twimg.com/profile_images/1241464215556112385/suq1jigo_normal.jpg"
"x99443554","x11693949801",2010-04-06 11:45:22,"rahilahmar","Its phenomenal in context to the technology, but composing mail....and t... (YouTube http://youtu.be/q1cAEKrdt5I?a)","Google",115,,,,FALSE,FALSE,0,0,,,,,,,,,,,,,,,,,,"en",,,,,,,,,,,,,,,,,,,,,,,,,,,,,,,,,,,,,"NA NA","NA NA","NA NA NA NA NA NA NA NA","https://twitter.com/rahilahmar/status/11693949801","rahil ahmar","I'm Mobile most of the time.","Sensible & Responsible","https://t.co/Yko3hvgUPt",FALSE,11,101,2,105,97,2009-12-26 06:25:41,FALSE,"https://t.co/Yko3hvgUPt","https://sennvoll.com/",,,"http://abs.twimg.com/images/themes/theme5/bg.gif","http://pbs.twimg.com/profile_images/1241464215556112385/suq1jigo_normal.jpg"
"x99443554","x11420507987",2010-04-01 12:00:30,"rahilahmar","once i did the same thing in my school dayz...but every time i use to ru... (YouTube http://youtu.be/6bYcyiuJK0E?a)","Google",115,,,,FALSE,FALSE,0,0,,,,,,,,,,,,,,,,,,"en",,,,,,,,,,,,,,,,,,,,,,,,,,,,,,,,,,,,,"NA NA","NA NA","NA NA NA NA NA NA NA NA","https://twitter.com/rahilahmar/status/11420507987","rahil ahmar","I'm Mobile most of the time.","Sensible & Responsible","https://t.co/Yko3hvgUPt",FALSE,11,101,2,105,97,2009-12-26 06:25:41,FALSE,"https://t.co/Yko3hvgUPt","https://sennvoll.com/",,,"http://abs.twimg.com/images/themes/theme5/bg.gif","http://pbs.twimg.com/profile_images/1241464215556112385/suq1jigo_normal.jpg"
"x99443554","x11420393035",2010-04-01 11:57:25,"rahilahmar","I liked a YouTube video -- Knock and don't run http://youtu.be/6bYcyiuJK0E?a","Google",76,,,,FALSE,FALSE,0,0,,,,,,,,,,,,,,,,,,"en",,,,,,,,,,,,,,,,,,,,,,,,,,,,,,,,,,,,,"NA NA","NA NA","NA NA NA NA NA NA NA NA","https://twitter.com/rahilahmar/status/11420393035","rahil ahmar","I'm Mobile most of the time.","Sensible & Responsible","https://t.co/Yko3hvgUPt",FALSE,11,101,2,105,97,2009-12-26 06:25:41,FALSE,"https://t.co/Yko3hvgUPt","https://sennvoll.com/",,,"http://abs.twimg.com/images/themes/theme5/bg.gif","http://pbs.twimg.com/profile_images/1241464215556112385/suq1jigo_normal.jpg"
"x99443554","x11419833138",2010-04-01 11:41:05,"rahilahmar","I liked a YouTube video -- Bathroom Mirror Prank Funny http://youtu.be/sdfJq7Xa4Mo?a","Google",84,,,,FALSE,FALSE,0,0,,,,,,,,,,,,,,,,,,"en",,,,,,,,,,,,,,,,,,,,,,,,,,,,,,,,,,,,,"NA NA","NA NA","NA NA NA NA NA NA NA NA","https://twitter.com/rahilahmar/status/11419833138","rahil ahmar","I'm Mobile most of the time.","Sensible & Responsible","https://t.co/Yko3hvgUPt",FALSE,11,101,2,105,97,2009-12-26 06:25:41,FALSE,"https://t.co/Yko3hvgUPt","https://sennvoll.com/",,,"http://abs.twimg.com/images/themes/theme5/bg.gif","http://pbs.twimg.com/profile_images/1241464215556112385/suq1jigo_normal.jpg"
"x99443554","x10664377108",2010-03-18 10:01:15,"rahilahmar","I subscribed to trichoone's channel on YouTube http://www.youtube.com/user/trichoone?feature=autoshare_twitter","Google",110,,,,FALSE,FALSE,0,0,,,,,,,,,,,,,,,,,,"en",,,,,,,,,,,,,,,,,,,,,,,,,,,,,,,,,,,,,"NA NA","NA NA","NA NA NA NA NA NA NA NA","https://twitter.com/rahilahmar/status/10664377108","rahil ahmar","I'm Mobile most of the time.","Sensible & Responsible","https://t.co/Yko3hvgUPt",FALSE,11,101,2,105,97,2009-12-26 06:25:41,FALSE,"https://t.co/Yko3hvgUPt","https://sennvoll.com/",,,"http://abs.twimg.com/images/themes/theme5/bg.gif","http://pbs.twimg.com/profile_images/1241464215556112385/suq1jigo_normal.jpg"
"x99443554","x10664353326",2010-03-18 10:00:25,"rahilahmar","I favorited a YouTube video -- Pink Floyd-Marooned http://youtu.be/5OMFiqNA6Ag?a","Google",80,,,,FALSE,FALSE,0,0,,,,,,,,,,,,,,,,,,"en",,,,,,,,,,,,,,,,,,,,,,,,,,,,,,,,,,,,,"NA NA","NA NA","NA NA NA NA NA NA NA NA","https://twitter.com/rahilahmar/status/10664353326","rahil ahmar","I'm Mobile most of the time.","Sensible & Responsible","https://t.co/Yko3hvgUPt",FALSE,11,101,2,105,97,2009-12-26 06:25:41,FALSE,"https://t.co/Yko3hvgUPt","https://sennvoll.com/",,,"http://abs.twimg.com/images/themes/theme5/bg.gif","http://pbs.twimg.com/profile_images/1241464215556112385/suq1jigo_normal.jpg"
"x99443554","x9380394659",2010-02-20 11:43:47,"rahilahmar","I favorited a YouTube video -- Crazy Frog Underwater http://youtu.be/zW1BXU_ZGTw?a","Google",82,,,,FALSE,FALSE,0,0,,,,,,,,,,,,,,,,,,"en",,,,,,,,,,,,,,,,,,,,,,,,,,,,,,,,,,,,,"NA NA","NA NA","NA NA NA NA NA NA NA NA","https://twitter.com/rahilahmar/status/9380394659","rahil ahmar","I'm Mobile most of the time.","Sensible & Responsible","https://t.co/Yko3hvgUPt",FALSE,11,101,2,105,97,2009-12-26 06:25:41,FALSE,"https://t.co/Yko3hvgUPt","https://sennvoll.com/",,,"http://abs.twimg.com/images/themes/theme5/bg.gif","http://pbs.twimg.com/profile_images/1241464215556112385/suq1jigo_normal.jpg"
"x99443554","x9219151486",2010-02-17 04:22:26,"rahilahmar","I always liked one girl in school dayz, after 10 yrs i came to knew tht she also liked me.Now after 10 yrs i expresd my feelings to her.","Twitter Web Client",136,,,,FALSE,FALSE,0,0,,,,,,,,,,,,,,,,,,"en",,,,,,,,,,,,,,,,,,,,,,,,,,,,,,,,,,,,,"NA NA","NA NA","NA NA NA NA NA NA NA NA","https://twitter.com/rahilahmar/status/9219151486","rahil ahmar","I'm Mobile most of the time.","Sensible & Responsible","https://t.co/Yko3hvgUPt",FALSE,11,101,2,105,97,2009-12-26 06:25:41,FALSE,"https://t.co/Yko3hvgUPt","https://sennvoll.com/",,,"http://abs.twimg.com/images/themes/theme5/bg.gif","http://pbs.twimg.com/profile_images/1241464215556112385/suq1jigo_normal.jpg"
"x99443554","x8946671259",2010-02-11 04:32:06,"rahilahmar","I dont know how to impress girls in this Valentine, but nowadays they are very choosy.U know from Clothes to Boyfrend...Everything","Twitter Web Client",130,,,,FALSE,FALSE,0,0,,,,,,,,,,,,,,,,,,"en",,,,,,,,,,,,,,,,,,,,,,,,,,,,,,,,,,,,,"NA NA","NA NA","NA NA NA NA NA NA NA NA","https://twitter.com/rahilahmar/status/8946671259","rahil ahmar","I'm Mobile most of the time.","Sensible & Responsible","https://t.co/Yko3hvgUPt",FALSE,11,101,2,105,97,2009-12-26 06:25:41,FALSE,"https://t.co/Yko3hvgUPt","https://sennvoll.com/",,,"http://abs.twimg.com/images/themes/theme5/bg.gif","http://pbs.twimg.com/profile_images/1241464215556112385/suq1jigo_normal.jpg"
"x99443554","x8805113423",2010-02-08 11:10:36,"rahilahmar","Check this video out -- Enigma Silence Must Be Heard http://youtu.be/2BAR248VRG0","Twitter Web Client",80,,,,FALSE,FALSE,0,0,,,,,,,,,,,,,,,,,,"en",,,,,,,,,,,,,,,,,,,,,,,,,,,,,,,,,,,,,"NA NA","NA NA","NA NA NA NA NA NA NA NA","https://twitter.com/rahilahmar/status/8805113423","rahil ahmar","I'm Mobile most of the time.","Sensible & Responsible","https://t.co/Yko3hvgUPt",FALSE,11,101,2,105,97,2009-12-26 06:25:41,FALSE,"https://t.co/Yko3hvgUPt","https://sennvoll.com/",,,"http://abs.twimg.com/images/themes/theme5/bg.gif","http://pbs.twimg.com/profile_images/1241464215556112385/suq1jigo_normal.jpg"
"x99443554","x8804993248",2010-02-08 11:05:12,"rahilahmar","I like the lyrics (YouTube http://youtu.be/A_hp2ubJaNo?a)","Google",57,,,,FALSE,FALSE,0,0,,,,,,,,,,,,,,,,,,"en",,,,,,,,,,,,,,,,,,,,,,,,,,,,,,,,,,,,,"NA NA","NA NA","NA NA NA NA NA NA NA NA","https://twitter.com/rahilahmar/status/8804993248","rahil ahmar","I'm Mobile most of the time.","Sensible & Responsible","https://t.co/Yko3hvgUPt",FALSE,11,101,2,105,97,2009-12-26 06:25:41,FALSE,"https://t.co/Yko3hvgUPt","https://sennvoll.com/",,,"http://abs.twimg.com/images/themes/theme5/bg.gif","http://pbs.twimg.com/profile_images/1241464215556112385/suq1jigo_normal.jpg"
"x99443554","x8804812189",2010-02-08 10:57:11,"rahilahmar","Check this video out -- Enigma - Silent Warrior http://youtu.be/RB_qsKGjTrg","Twitter Web Client",75,,,,FALSE,FALSE,0,0,,,,,,,,,,,,,,,,,,"en",,,,,,,,,,,,,,,,,,,,,,,,,,,,,,,,,,,,,"NA NA","NA NA","NA NA NA NA NA NA NA NA","https://twitter.com/rahilahmar/status/8804812189","rahil ahmar","I'm Mobile most of the time.","Sensible & Responsible","https://t.co/Yko3hvgUPt",FALSE,11,101,2,105,97,2009-12-26 06:25:41,FALSE,"https://t.co/Yko3hvgUPt","https://sennvoll.com/",,,"http://abs.twimg.com/images/themes/theme5/bg.gif","http://pbs.twimg.com/profile_images/1241464215556112385/suq1jigo_normal.jpg"
"x99443554","x8804039612",2010-02-08 10:19:50,"rahilahmar","Coming to Ranchi on 27th Feb.......Mtv Jhaakaaas","Twitter Web Client",48,,,,FALSE,FALSE,0,0,,,,,,,,,,,,,,,,,,"en",,,,,,,,,,,,,,,,,,,,,,,,,,,,,,,,,,,,,"NA NA","NA NA","NA NA NA NA NA NA NA NA","https://twitter.com/rahilahmar/status/8804039612","rahil ahmar","I'm Mobile most of the time.","Sensible & Responsible","https://t.co/Yko3hvgUPt",FALSE,11,101,2,105,97,2009-12-26 06:25:41,FALSE,"https://t.co/Yko3hvgUPt","https://sennvoll.com/",,,"http://abs.twimg.com/images/themes/theme5/bg.gif","http://pbs.twimg.com/profile_images/1241464215556112385/suq1jigo_normal.jpg"
"x99443554","x8622887684",2010-02-04 06:55:56,"rahilahmar","I think the SHIVSENA mst proove their own stand for being ""Indian"" & then ask SRK for being "" INDIAN""","Twitter Web Client",101,,,,FALSE,FALSE,0,1,,,,,,,,,,,,,,,,,,"en",,,,,,,,,,,,,,,,,,,,,,,,,,,,,,,,,,,,,"NA NA","NA NA","NA NA NA NA NA NA NA NA","https://twitter.com/rahilahmar/status/8622887684","rahil ahmar","I'm Mobile most of the time.","Sensible & Responsible","https://t.co/Yko3hvgUPt",FALSE,11,101,2,105,97,2009-12-26 06:25:41,FALSE,"https://t.co/Yko3hvgUPt","https://sennvoll.com/",,,"http://abs.twimg.com/images/themes/theme5/bg.gif","http://pbs.twimg.com/profile_images/1241464215556112385/suq1jigo_normal.jpg"
"x99443554","x8185599142",2010-01-25 09:05:11,"rahilahmar","Check this video out -- Cham Cham Jani Raate First Full  song of movie Striker Sing by Sonu Niga... http://youtu.be/5OBnD_amK58","Twitter Web Client",127,,,,FALSE,FALSE,0,1,,,,,,,,,,,,,,,,,,"en",,,,,,,,,,,,,,,,,,,,,,,,,,,,,,,,,,,,,"NA NA","NA NA","NA NA NA NA NA NA NA NA","https://twitter.com/rahilahmar/status/8185599142","rahil ahmar","I'm Mobile most of the time.","Sensible & Responsible","https://t.co/Yko3hvgUPt",FALSE,11,101,2,105,97,2009-12-26 06:25:41,FALSE,"https://t.co/Yko3hvgUPt","https://sennvoll.com/",,,"http://abs.twimg.com/images/themes/theme5/bg.gif","http://pbs.twimg.com/profile_images/1241464215556112385/suq1jigo_normal.jpg"
"x99443554","x7779888900",2010-01-15 07:22:28,"rahilahmar","The days of New year does not seem to render newness in life.....i dnt know whts happning","LinkedIn",89,,,,FALSE,FALSE,0,0,,,,,,,,,,,,,,,,,,"en",,,,,,,,,,,,,,,,,,,,,,,,,,,,,,,,,,,,,"NA NA","NA NA","NA NA NA NA NA NA NA NA","https://twitter.com/rahilahmar/status/7779888900","rahil ahmar","I'm Mobile most of the time.","Sensible & Responsible","https://t.co/Yko3hvgUPt",FALSE,11,101,2,105,97,2009-12-26 06:25:41,FALSE,"https://t.co/Yko3hvgUPt","https://sennvoll.com/",,,"http://abs.twimg.com/images/themes/theme5/bg.gif","http://pbs.twimg.com/profile_images/1241464215556112385/suq1jigo_normal.jpg"
"x99443554","x7549465521",2010-01-09 06:45:33,"rahilahmar","@BearGrylls hi bear grylls how u managed to store ur urine inside a dead snake....hahaha","Twitter Web Client",88,"x7303104231","x41692369","BearGrylls",FALSE,FALSE,0,0,,,,,,,,,,,,,,,,"x41692369","BearGrylls","en",,,,,,,,,,,,,,,,,,,,,,,,,,,,,,,,,,,,,"NA NA","NA NA","NA NA NA NA NA NA NA NA","https://twitter.com/rahilahmar/status/7549465521","rahil ahmar","I'm Mobile most of the time.","Sensible & Responsible","https://t.co/Yko3hvgUPt",FALSE,11,101,2,105,97,2009-12-26 06:25:41,FALSE,"https://t.co/Yko3hvgUPt","https://sennvoll.com/",,,"http://abs.twimg.com/images/themes/theme5/bg.gif","http://pbs.twimg.com/profile_images/1241464215556112385/suq1jigo_normal.jpg"
"x99443554","x7506505714",2010-01-08 04:32:59,"rahilahmar","There are still some foreclosures in US , Dubai liquidating its so called Charm....","Twitter Web Client",83,,,,FALSE,FALSE,0,0,,,,,,,,,,,,,,,,,,"en",,,,,,,,,,,,,,,,,,,,,,,,,,,,,,,,,,,,,"NA NA","NA NA","NA NA NA NA NA NA NA NA","https://twitter.com/rahilahmar/status/7506505714","rahil ahmar","I'm Mobile most of the time.","Sensible & Responsible","https://t.co/Yko3hvgUPt",FALSE,11,101,2,105,97,2009-12-26 06:25:41,FALSE,"https://t.co/Yko3hvgUPt","https://sennvoll.com/",,,"http://abs.twimg.com/images/themes/theme5/bg.gif","http://pbs.twimg.com/profile_images/1241464215556112385/suq1jigo_normal.jpg"
"x99443554","x7234190393",2009-12-31 13:51:26,"rahilahmar","Start of the Beginning is always exiting so lets get drunk n squeeze all worries for a while n embrace beginning wid zero Hope","Twitter Web Client",126,,,,FALSE,FALSE,0,0,,,,,,,,,,,,,,,,,,"en",,,,,,,,,,,,,,,,,,,,,,,,,,,,,,,,,,,,,"NA NA","NA NA","NA NA NA NA NA NA NA NA","https://twitter.com/rahilahmar/status/7234190393","rahil ahmar","I'm Mobile most of the time.","Sensible & Responsible","https://t.co/Yko3hvgUPt",FALSE,11,101,2,105,97,2009-12-26 06:25:41,FALSE,"https://t.co/Yko3hvgUPt","https://sennvoll.com/",,,"http://abs.twimg.com/images/themes/theme5/bg.gif","http://pbs.twimg.com/profile_images/1241464215556112385/suq1jigo_normal.jpg"
"x99443554","x7186483126",2009-12-30 05:37:03,"rahilahmar","NYE - new horizon with old raft","Twitter Web Client",31,,,,FALSE,FALSE,0,0,,,,,,,,,,,,,,,,,,"en",,,,,,,,,,,,,,,,,,,,,,,,,,,,,,,,,,,,,"NA NA","NA NA","NA NA NA NA NA NA NA NA","https://twitter.com/rahilahmar/status/7186483126","rahil ahmar","I'm Mobile most of the time.","Sensible & Responsible","https://t.co/Yko3hvgUPt",FALSE,11,101,2,105,97,2009-12-26 06:25:41,FALSE,"https://t.co/Yko3hvgUPt","https://sennvoll.com/",,,"http://abs.twimg.com/images/themes/theme5/bg.gif","http://pbs.twimg.com/profile_images/1241464215556112385/suq1jigo_normal.jpg"
"x99443554","x7156779714",2009-12-29 11:31:48,"rahilahmar","As current market surges,speculations are as usual ""Santa Blesses"".But to whom is an Economic cliche' n the fact ""No to Jobless"".","Twitter Web Client",129,,,,FALSE,FALSE,1,1,,,,,,,,,,,,,,,,,,"en",,,,,,,,,,,,,,,,,,,,,,,,,,,,,,,,,,,,,"NA NA","NA NA","NA NA NA NA NA NA NA NA","https://twitter.com/rahilahmar/status/7156779714","rahil ahmar","I'm Mobile most of the time.","Sensible & Responsible","https://t.co/Yko3hvgUPt",FALSE,11,101,2,105,97,2009-12-26 06:25:41,FALSE,"https://t.co/Yko3hvgUPt","https://sennvoll.com/",,,"http://abs.twimg.com/images/themes/theme5/bg.gif","http://pbs.twimg.com/profile_images/1241464215556112385/suq1jigo_normal.jpg"
"x99443554","x7156119437",2009-12-29 10:50:46,"rahilahmar","""Happy new Year to all friends........may this be the most exiting n healthy. May u all get blessed with the new begining of old life","Twitter Web Client",133,,,,FALSE,FALSE,0,0,,,,,,,,,,,,,,,,,,"en",,,,,,,,,,,,,,,,,,,,,,,,,,,,,,,,,,,,,"NA NA","NA NA","NA NA NA NA NA NA NA NA","https://twitter.com/rahilahmar/status/7156119437","rahil ahmar","I'm Mobile most of the time.","Sensible & Responsible","https://t.co/Yko3hvgUPt",FALSE,11,101,2,105,97,2009-12-26 06:25:41,FALSE,"https://t.co/Yko3hvgUPt","https://sennvoll.com/",,,"http://abs.twimg.com/images/themes/theme5/bg.gif","http://pbs.twimg.com/profile_images/1241464215556112385/suq1jigo_normal.jpg"
