"file_name","type","desc","time"
"iteachmath2020-10-13_22_27_02.csv","tag","#iteachmath","2020-10-13_22_27_02"
"mtbos2020-10-14_00_04_21.csv"," tag","#mtbos","2020-10-13_22_27_02"
"mathchat2020-10-14_15_31_43.csv","tag","#mathchat","2020-10-14_15_31_43"
"math2020-10-14_15_43_12.csv","tag","#math","2020-10-14_15_43_12"
"EdTech2020-10-14_19_58_48.csv","tag","#EdTech","2020-10-14_19_58_48"
"edchat2020-10-14_20_58_44.csv","tag","#edchat","2020-10-14_20_58_44"
"mathchat2020-10-14_21_00_27.csv","tag","#mathchat","2020-10-14_21_00_27"
"mtbos2020-10-14_22_23_06.csv","tag","#mtbos","2020-10-14_22_23_06"
"iteachmath2020-10-14_22_23_34.csv","tag","#iteachmath","2020-10-14_22_23_34"
"mathed2020-10-16_16_12_17.csv","tag","#mathed","2020-10-16_16_12_17"
"mathedchat2020-10-16_16_12_58.csv","tag","#mathedchat","2020-10-16_16_12_58"
"hsmathchat2020-10-19_08_46_40.csv","tag","#hsmathchat","2020-10-19_08_46_40"
"mtbos2020-10-19_08_48_01.csv","tag","#mtbos","2020-10-19_08_48_01"
"iteachmath2020-10-19_08_48_57.csv","tag","#iteachmath","2020-10-19_08_48_57"
"mathchat2020-10-22_12_02_42.csv","tag","#mathchat","2020-10-22_12_02_42"
"mathed2020-10-22_12_02_59.csv","tag","#mathed","2020-10-22_12_02_59"
"math2020-10-22_13_27_58.csv","tag","#math","2020-10-22_13_27_58"
"hsmathchat2020-10-22_13_45_00.csv","tag","#hsmathchat","2020-10-22_13_45_00"
"edchat2020-10-22_13_45_59.csv","tag","#edchat","2020-10-22_13_45_59"
"mtbos2020-10-26_21_40_42.csv","tag","#mtbos","2020-10-26_21_40_42"
"iteachmath2020-10-26_21_41_04.csv","tag","#iteachmath","2020-10-26_21_41_04"
"mathed2020-10-26_22_33_24.csv","tag","#mathed","2020-10-26_22_33_24"
"mathstalk2020-10-26_22_55_50.csv","tag","#mathstalk","2020-10-26_22_55_50"
"HoagieHomies2020-10-26_23_01_31.csv","tag","#HoagieHomies","2020-10-26_23_01_31"
"mathchat2020-10-26_23_05_21.csv","tag","#mathchat","2020-10-26_23_05_21"
"mathchat2020-10-29_10_28_04.csv","tag","#mathchat","2020-10-29_10_28_04"
"mathed2020-10-29_12_30_13.csv","tag","#mathed","2020-10-29_12_30_13"
"mtbos2020-10-29_12_30_32.csv","tag","#mtbos","2020-10-29_12_30_32"
"iteachmath2020-10-29_12_30_49.csv","tag","#iteachmath","2020-10-29_12_30_49"
"edutwitter2020-10-30_20_19_11.csv","tag","#edutwitter","2020-10-30_20_19_11"
"teachertwitter2020-10-30_20_20_15.csv","tag","#teachertwitter","2020-10-30_20_20_15"
"edtech2020-10-30_20_21_37.csv","tag","#edtech","2020-10-30_20_21_37"
"edtwt2020-10-30_20_23_46.csv","tag","#edtwt","2020-10-30_20_23_46"
"edtech2020-10-30_21_30_15.csv","tag","#edtech","2020-10-30_21_30_15"
"education2020-10-30_21_31_45.csv","tag","#education","2020-10-30_21_31_45"
"stem2020-10-30_21_37_19.csv","tag","#stem","2020-10-30_21_37_19"
"algebra2020-10-30_22_20_55.csv","tag","#algebra","2020-10-30_22_20_55"
"nctm2020-10-30_22_31_14.csv","user","nctm","2020-10-30_22_31_14"
"OAMEcounts2020-10-30_22_34_54.csv","user","OAMEcounts","2020-10-30_22_34_54"
"FieldsMathEd2020-10-30_23_27_15.csv","user","FieldsMathEd","2020-10-30_23_27_15"
"MCATA_Tweets2020-10-30_23_56_31.csv","user","MCATA_Tweets","2020-10-30_23_56_31"
"MTA_NS2020-10-30_23_59_12.csv","user","MTA_NS","2020-10-30_23_59_12"
"canmathsociety2020-10-31_00_02_52.csv","user","canmathsociety","2020-10-31_00_02_52"
"BCAMT2020-10-31_00_05_35.csv","user","BCAMT","2020-10-31_00_05_35"
"MBMAMT2020-10-31_00_09_30.csv","user","MBMAMT","2020-10-31_00_09_30"
"SMTSca2020-10-31_00_12_17.csv","user","SMTSca","2020-10-31_00_12_17"
"mtbos2020-11-03_13_12_04.csv","tag","#mtbos","2020-11-03_13_12_04"
"iteachmath2020-11-03_13_12_33.csv","tag","#iteachmath","2020-11-03_13_12_33"
"math2020-11-03_13_12_49.csv","tag","#math","2020-11-03_13_12_49"
"mathchat2020-11-03_13_13_13.csv","tag","#mathchat","2020-11-03_13_13_13"
"mtbos2020-11-07_00_29_11.csv","tag","#mtbos","2020-11-07_00_29_11"
"iteachmath2020-11-07_00_29_27.csv","tag","#iteachmath","2020-11-07_00_29_27"
"math2020-11-07_00_29_46.csv","tag","#math","2020-11-07_00_29_46"
"mathed2020-11-07_00_30_00.csv","tag","#mathed","2020-11-07_00_30_00"
"mathchat2020-11-07_00_30_13.csv","tag","#mathchat","2020-11-07_00_30_13"
"mathchat2020-11-09_22_41_46.csv","tag","#mathchat","2020-11-09_22_41_46"
"mtbos2020-11-09_22_42_02.csv","tag","#mtbos","2020-11-09_22_42_02"
"iteachmath2020-11-09_22_42_15.csv","tag","#iteachmath","2020-11-09_22_42_15"
"math2020-11-09_22_42_29.csv","tag","#math","2020-11-09_22_42_29"
"mathchat2020-11-16_22_49_25.csv","tag","#mathchat","2020-11-16_22_49_25"
"mtbos2020-11-16_22_49_42.csv","tag","#mtbos","2020-11-16_22_49_42"
"iteachmath2020-11-16_22_49_55.csv","tag","#iteachmath","2020-11-16_22_49_55"
"math2020-11-16_22_50_09.csv","tag","#math","2020-11-16_22_50_09"
"mathed2020-11-16_22_50_19.csv","tag","#mathed","2020-11-16_22_50_19"
"mathed2020-11-20_11_36_27.csv","tag","#mathed","2020-11-20_11_36_27"
"mathchat2020-11-20_11_36_38.csv","tag","#mathchat","2020-11-20_11_36_38"
"iteachmath2020-11-20_11_36_56.csv","tag","#iteachmath","2020-11-20_11_36_56"
"mtbos2020-11-20_11_37_11.csv","tag","#mtbos","2020-11-20_11_37_11"
"mtbos2020-11-26_22_22_15.csv","tag","#mtbos","2020-11-26_22_22_15"
"iteachmath2020-11-26_22_22_31.csv","tag","#iteachmath","2020-11-26_22_22_31"
"mathchat2020-11-26_22_22_46.csv","tag","#mathchat","2020-11-26_22_22_46"
"math2020-11-26_22_22_57.csv","tag","#math","2020-11-26_22_22_57"
"mtbos2020-12-05_22_47_40.csv","tag","#mtbos","2020-12-05_22_47_40"
"iteachmath2020-12-05_22_48_07.csv","tag","#iteachmath","2020-12-05_22_48_07"
"mathchat2020-12-05_22_48_27.csv","tag","#mathchat","2020-12-05_22_48_27"
"math2020-12-05_22_48_43.csv","tag","#math","2020-12-05_22_48_43"
"Desmos2021-03-04_16_59_57.csv","user","Desmos","2021-03-04_16_59_57"
"GlobalMathDept2021-03-04_17_05_49.csv","user","GlobalMathDept","2021-03-04_17_05_49"
"AIMathematics2021-03-04_17_07_52.csv","user","AIMathematics","2021-03-04_17_07_52"
"MathTeachCircle2021-03-04_17_09_20.csv","user","MathTeachCircle","2021-03-04_17_09_20"
"O34ME2021-03-04_17_15_00.csv","user","O34ME","2021-03-04_17_15_00"
"openmiddle2021-03-04_17_20_19.csv","user","openmiddle","2021-03-04_17_20_19"
"geogebra2021-03-04_17_22_38.csv","user","geogebra","2021-03-04_17_22_38"
"NCETM2021-03-04_17_25_20.csv","user","NCETM","2021-03-04_17_25_20"
"MoMath12021-03-04_17_28_48.csv","user","MoMath1","2021-03-04_17_28_48"
"JUMP_Math2021-03-04_17_34_33.csv","user","JUMP_Math","2021-03-04_17_34_33"
"MakeMathMoments2021-03-04_17_38_19.csv","user","MakeMathMoments","2021-03-04_17_38_19"
"youcubed2021-03-04_17_40_09.csv","user","youcubed","2021-03-04_17_40_09"
"MBMAMT2021-03-04_17_42_46.csv","user","MBMAMT","2021-03-04_17_42_46"
"letsplaymath2021-03-04_17_47_38.csv","user","letsplaymath","2021-03-04_17_47_38"
"davidwees2021-05-20_17_47_44.csv","user","davidwees","2021-05-20_17_47_44"
"jamestanton2021-05-20_17_48_55.csv","user","jamestanton","2021-05-20_17_48_55"
"NCTMIllum2021-05-27_13_17_52.csv","user","NCTMIllum","2021-05-27_13_17_52"
"todosmath2021-05-27_13_24_39.csv","user","todosmath","2021-05-27_13_24_39"
"MathHappensOrg2021-05-27_13_25_36.csv","user","MathHappensOrg","2021-05-27_13_25_36"
"NaturalMath2021-05-27_13_26_45.csv","user","NaturalMath","2021-05-27_13_26_45"
"MrHonner2021-05-27_13_29_32.csv","user","MrHonner","2021-05-27_13_29_32"
"j_lanier2021-05-27_13_31_29.csv","user","j_lanier","2021-05-27_13_31_29"
"mathillustrated2021-05-27_13_33_05.csv","user","mathillustrated","2021-05-27_13_33_05"
"MathforLove2021-05-27_13_34_17.csv","user","MathforLove","2021-05-27_13_34_17"
"Trianglemancsd2021-05-27_13_35_54.csv","user","Trianglemancsd","2021-05-27_13_35_54"
"mathhombre2021-05-27_13_37_04.csv","user","mathhombre","2021-05-27_13_37_04"
"samjshah22021-05-27_13_38_29.csv","user","samjshah2","2021-05-27_13_38_29"
"k8nowak2021-05-27_13_40_53.csv","user","k8nowak","2021-05-27_13_40_53"
"IllustrateMath2021-05-27_13_43_12.csv","user","IllustrateMath","2021-05-27_13_43_12"
"PaulaKrieg2021-05-27_13_45_50.csv","user","PaulaKrieg","2021-05-27_13_45_50"
"von_Oy2021-05-27_13_47_17.csv","user","von_Oy","2021-05-27_13_47_17"
"NatBanting2021-05-27_13_48_39.csv","user","NatBanting","2021-05-27_13_48_39"
"mathteacher242021-05-27_13_49_37.csv","user","mathteacher24","2021-05-27_13_49_37"
"mathequalslove2021-06-01_17_39_53.csv","user","mathequalslove","2021-06-01_17_39_53"
"AlexOverwijk2021-06-01_17_44_35.csv","user","AlexOverwijk","2021-06-01_17_44_35"
"marybourassa2021-06-01_17_47_59.csv","user","marybourassa","2021-06-01_17_47_59"
"SheriWalker722021-06-01_17_49_25.csv","user","SheriWalker72","2021-06-01_17_49_25"
"SheriWalker722021-06-07_22_24_51.csv","friends","SheriWalker72","2021-06-07_22_24_51"
"nctm_followers2021-09-21_13_47_50.csv","followers","nctm","2021-09-21_13_47_50"
"1186775994499125248_nctm_follower2021-09-21_17_12_36.csv","nctm_follower","nctm","2021-09-21_17_12_36"
"1369089528724660229_nctm_follower2021-09-21_17_14_28.csv","nctm_follower","nctm","2021-09-21_17_14_28"
"99443554_nctm_follower2021-09-24_13_19_38.csv","nctm_follower","nctm","2021-09-24_13_19_38"
"1420456278120439819_nctm_follower2021-09-24_13_19_59.csv","nctm_follower","nctm","2021-09-24_13_19_59"
"938828370397110272_nctm_follower2021-09-24_13_20_07.csv","nctm_follower","nctm","2021-09-24_13_20_07"
"895322570970603520_nctm_follower2021-09-24_13_20_18.csv","nctm_follower","nctm","2021-09-24_13_20_18"
"982795405_nctm_follower2021-09-24_13_21_13.csv","nctm_follower","nctm","2021-09-24_13_21_13"
"163324677_nctm_follower2021-09-24_13_21_16.csv","nctm_follower","nctm","2021-09-24_13_21_16"
"3525017074_nctm_follower2021-09-24_13_21_42.csv","nctm_follower","nctm","2021-09-24_13_21_42"
"1369394892477186053_nctm_follower2021-09-24_13_22_20.csv","nctm_follower","nctm","2021-09-24_13_22_20"
"701075442061545472_nctm_follower2021-09-24_13_22_38.csv","nctm_follower","nctm","2021-09-24_13_22_38"
"740983389008846849_nctm_follower2021-09-24_13_42_57.csv","nctm_follower","nctm","2021-09-24_13_42_57"
"119491728_nctm_follower2021-09-24_13_43_00.csv","nctm_follower","nctm","2021-09-24_13_43_00"
"3411700947_nctm_follower2021-09-24_13_47_20.csv","nctm_follower","nctm","2021-09-24_13_47_20"
"1310559553487069184_nctm_follower2021-09-24_13_48_21.csv","nctm_follower","nctm","2021-09-24_13_48_21"
"918802470628970496_nctm_follower2021-09-24_13_48_29.csv","nctm_follower","nctm","2021-09-24_13_48_29"
"988027801411387392_nctm_follower2021-09-24_13_48_41.csv","nctm_follower","nctm","2021-09-24_13_48_41"
"OAMEcounts_followers2021-09-24_14_05_48.csv","followers","OAMEcounts","2021-09-24_14_05_48"
"1496100848_OAMEcounts_follower2021-09-24_14_06_27.csv","OAMEcounts_follower","OAMEcounts","2021-09-24_14_06_27"
"1171874690580787201_OAMEcounts_follower2021-09-24_14_06_36.csv","OAMEcounts_follower","OAMEcounts","2021-09-24_14_06_36"
"1709984070_OAMEcounts_follower2021-09-24_14_06_41.csv","OAMEcounts_follower","OAMEcounts","2021-09-24_14_06_41"
"389041906_OAMEcounts_follower2021-09-24_14_06_52.csv","OAMEcounts_follower","OAMEcounts","2021-09-24_14_06_52"
"469200258_OAMEcounts_follower2021-09-24_14_07_11.csv","OAMEcounts_follower","OAMEcounts","2021-09-24_14_07_11"
"836730024552198145_OAMEcounts_follower2021-09-24_14_08_36.csv","OAMEcounts_follower","OAMEcounts","2021-09-24_14_08_36"
"1383126566_OAMEcounts_follower2021-09-24_14_08_55.csv","OAMEcounts_follower","OAMEcounts","2021-09-24_14_08_55"
"3428865927_OAMEcounts_follower2021-09-24_14_09_00.csv","OAMEcounts_follower","OAMEcounts","2021-09-24_14_09_00"
"3942386120_OAMEcounts_follower2021-09-24_14_09_08.csv","OAMEcounts_follower","OAMEcounts","2021-09-24_14_09_08"
"1378339884_OAMEcounts_follower2021-09-24_14_09_21.csv","OAMEcounts_follower","OAMEcounts","2021-09-24_14_09_21"
"1196489570315112456_OAMEcounts_follower2021-09-24_14_13_33.csv","OAMEcounts_follower","OAMEcounts","2021-09-24_14_13_33"
"88962207_OAMEcounts_follower2021-09-24_14_13_38.csv","OAMEcounts_follower","OAMEcounts","2021-09-24_14_13_38"
"280997380_OAMEcounts_follower2021-09-24_14_13_40.csv","OAMEcounts_follower","OAMEcounts","2021-09-24_14_13_40"
"857186439724802048_OAMEcounts_follower2021-09-24_14_13_50.csv","OAMEcounts_follower","OAMEcounts","2021-09-24_14_13_50"
"3130772561_OAMEcounts_follower2021-09-24_14_13_54.csv","OAMEcounts_follower","OAMEcounts","2021-09-24_14_13_54"
"924302766_OAMEcounts_follower2021-09-24_14_13_58.csv","OAMEcounts_follower","OAMEcounts","2021-09-24_14_13_58"
"393483080_OAMEcounts_follower2021-09-24_14_14_01.csv","OAMEcounts_follower","OAMEcounts","2021-09-24_14_14_01"
"1206063692_OAMEcounts_follower2021-09-24_14_15_24.csv","OAMEcounts_follower","OAMEcounts","2021-09-24_14_15_24"
"2861396126_OAMEcounts_follower2021-09-24_14_15_29.csv","OAMEcounts_follower","OAMEcounts","2021-09-24_14_15_29"
"938945669670293510_OAMEcounts_follower2021-09-24_14_15_30.csv","OAMEcounts_follower","OAMEcounts","2021-09-24_14_15_30"
"443170888_OAMEcounts_follower2021-09-24_14_15_35.csv","OAMEcounts_follower","OAMEcounts","2021-09-24_14_15_35"
"GlobalMathDept_followers2021-09-24_14_31_45.csv","followers","GlobalMathDept","2021-09-24_14_31_45"
"134294732_GlobalMathDept_follower2021-09-24_14_32_45.csv","GlobalMathDept_follower","GlobalMathDept","2021-09-24_14_32_45"
"3959357353_GlobalMathDept_follower2021-09-24_14_32_48.csv","GlobalMathDept_follower","GlobalMathDept","2021-09-24_14_32_48"
"845349781_GlobalMathDept_follower2021-09-24_14_32_53.csv","GlobalMathDept_follower","GlobalMathDept","2021-09-24_14_32_53"
"24851751_GlobalMathDept_follower2021-09-24_14_33_45.csv","GlobalMathDept_follower","GlobalMathDept","2021-09-24_14_33_45"
"2897726833_GlobalMathDept_follower2021-09-24_14_33_49.csv","GlobalMathDept_follower","GlobalMathDept","2021-09-24_14_33_49"
"53085203_GlobalMathDept_follower2021-09-24_14_33_51.csv","GlobalMathDept_follower","GlobalMathDept","2021-09-24_14_33_51"
"553821389_GlobalMathDept_follower2021-09-24_14_33_52.csv","GlobalMathDept_follower","GlobalMathDept","2021-09-24_14_33_52"
"458979868_GlobalMathDept_follower2021-09-24_14_34_53.csv","GlobalMathDept_follower","GlobalMathDept","2021-09-24_14_34_53"
"1449211346_GlobalMathDept_follower2021-09-24_14_34_54.csv","GlobalMathDept_follower","GlobalMathDept","2021-09-24_14_34_54"
"2711208017_GlobalMathDept_follower2021-09-24_14_35_05.csv","GlobalMathDept_follower","GlobalMathDept","2021-09-24_14_35_05"
"2324621474_GlobalMathDept_follower2021-09-24_14_35_09.csv","GlobalMathDept_follower","GlobalMathDept","2021-09-24_14_35_09"
"1377545034_GlobalMathDept_follower2021-09-24_14_36_18.csv","GlobalMathDept_follower","GlobalMathDept","2021-09-24_14_36_18"
"3406613654_GlobalMathDept_follower2021-09-24_14_36_19.csv","GlobalMathDept_follower","GlobalMathDept","2021-09-24_14_36_19"
"59050405_GlobalMathDept_follower2021-09-24_14_36_22.csv","GlobalMathDept_follower","GlobalMathDept","2021-09-24_14_36_22"
"2843214868_GlobalMathDept_follower2021-09-24_14_37_16.csv","GlobalMathDept_follower","GlobalMathDept","2021-09-24_14_37_16"
"3074875348_GlobalMathDept_follower2021-09-24_14_37_21.csv","GlobalMathDept_follower","GlobalMathDept","2021-09-24_14_37_21"
"399367200_GlobalMathDept_follower2021-09-24_14_37_24.csv","GlobalMathDept_follower","GlobalMathDept","2021-09-24_14_37_24"
"597669841_GlobalMathDept_follower2021-09-24_14_37_30.csv","GlobalMathDept_follower","GlobalMathDept","2021-09-24_14_37_30"
"955289362140422144_GlobalMathDept_follower2021-09-24_14_37_33.csv","GlobalMathDept_follower","GlobalMathDept","2021-09-24_14_37_33"
"1952056357_GlobalMathDept_follower2021-09-24_14_40_48.csv","GlobalMathDept_follower","GlobalMathDept","2021-09-24_14_40_48"
"4556521452_GlobalMathDept_follower2021-09-24_14_40_53.csv","GlobalMathDept_follower","GlobalMathDept","2021-09-24_14_40_53"
"239646349_GlobalMathDept_follower2021-09-24_14_40_55.csv","GlobalMathDept_follower","GlobalMathDept","2021-09-24_14_40_55"
"611651367_GlobalMathDept_follower2021-09-24_14_40_59.csv","GlobalMathDept_follower","GlobalMathDept","2021-09-24_14_40_59"
"353605295_GlobalMathDept_follower2021-09-24_14_43_25.csv","GlobalMathDept_follower","GlobalMathDept","2021-09-24_14_43_25"
"10179312_GlobalMathDept_follower2021-09-24_14_43_30.csv","GlobalMathDept_follower","GlobalMathDept","2021-09-24_14_43_30"
"1060220148425129984_GlobalMathDept_follower2021-09-24_14_43_36.csv","GlobalMathDept_follower","GlobalMathDept","2021-09-24_14_43_36"
"openmiddle_followers2021-09-24_14_52_23.csv","followers","openmiddle","2021-09-24_14_52_23"
"559708761_openmiddle_follower2021-09-24_14_53_04.csv","openmiddle_follower","openmiddle","2021-09-24_14_53_04"
"139717634_openmiddle_follower2021-09-24_14_53_06.csv","openmiddle_follower","openmiddle","2021-09-24_14_53_06"
"103395146_openmiddle_follower2021-09-24_14_53_11.csv","openmiddle_follower","openmiddle","2021-09-24_14_53_11"
"724544646_openmiddle_follower2021-09-24_14_53_54.csv","openmiddle_follower","openmiddle","2021-09-24_14_53_54"
"890729788666785792_openmiddle_follower2021-09-24_14_54_07.csv","openmiddle_follower","openmiddle","2021-09-24_14_54_07"
"23494800_openmiddle_follower2021-09-24_14_55_38.csv","openmiddle_follower","openmiddle","2021-09-24_14_55_38"
"902988882668433408_openmiddle_follower2021-09-24_14_55_42.csv","openmiddle_follower","openmiddle","2021-09-24_14_55_42"
"2427297894_openmiddle_follower2021-09-24_14_56_45.csv","openmiddle_follower","openmiddle","2021-09-24_14_56_45"
"1834021801_openmiddle_follower2021-09-24_14_56_50.csv","openmiddle_follower","openmiddle","2021-09-24_14_56_50"
"629386704_openmiddle_follower2021-09-24_14_56_53.csv","openmiddle_follower","openmiddle","2021-09-24_14_56_53"
"257931166_openmiddle_follower2021-09-24_14_57_51.csv","openmiddle_follower","openmiddle","2021-09-24_14_57_51"
"1180553353920745474_openmiddle_follower2021-09-24_14_57_54.csv","openmiddle_follower","openmiddle","2021-09-24_14_57_54"
"letsplaymath_followers2021-09-24_14_58_57.csv","followers","letsplaymath","2021-09-24_14_58_57"
"19132493_letsplaymath_follower2021-09-24_14_59_27.csv","letsplaymath_follower","letsplaymath","2021-09-24_14_59_27"
"142066501_letsplaymath_follower2021-09-24_14_59_31.csv","letsplaymath_follower","letsplaymath","2021-09-24_14_59_31"
"569071058_letsplaymath_follower2021-09-24_14_59_35.csv","letsplaymath_follower","letsplaymath","2021-09-24_14_59_35"
"297432108_letsplaymath_follower2021-09-24_14_59_40.csv","letsplaymath_follower","letsplaymath","2021-09-24_14_59_40"
